title,title_detail_type,title_detail_language,title_detail_base,title_detail_value,summary,summary_detail_type,summary_detail_language,summary_detail_base,summary_detail_value,links_0_rel,links_0_type,links_0_href,link,id,guidislink,authors_0_name,author,author_detail_name,published,published_parsed,media_content_0_medium,media_content_0_url,Feed,FeedName,Section,Language,Twitter_URL,FB_URL,FetchTime
"Who is Shailaja Paik, the Dalit scholar who was awarded Rs 67 lakh MacArthur 'genius' grant?",text/plain,,https://rss.app/feeds/P8K5BBCE7t1JWZQ3.xml,"Who is Shailaja Paik, the Dalit scholar who was awarded Rs 67 lakh MacArthur 'genius' grant?","<div><img src=""https://images.firstpost.com/uploads/2024/10/macarthur-shailaja-2024-10-55dddc41cc738605d78e539432caa3f4.jpg?im=FitAndFill=(1200,675)"" style=""width: 100%;"" /><div>India-born historian and author Shailaja Paik became the first Dalit scholar to be awarded the coveted MacArthur Fellowship, often called the ‘genius grant.’ The 50-year-old history professor recognised for her pioneering work in Dalit studies, gender, and sexuality in modern India, will receive an impressive $800,000 (approximately Rs 67 lakh) to support her ongoing research</div></div>",text/html,,https://rss.app/feeds/P8K5BBCE7t1JWZQ3.xml,"<div><img src=""https://images.firstpost.com/uploads/2024/10/macarthur-shailaja-2024-10-55dddc41cc738605d78e539432caa3f4.jpg?im=FitAndFill=(1200,675)"" style=""width: 100%;"" /><div>India-born historian and author Shailaja Paik became the first Dalit scholar to be awarded the coveted MacArthur Fellowship, often called the ‘genius grant.’ The 50-year-old history professor recognised for her pioneering work in Dalit studies, gender, and sexuality in modern India, will receive an impressive $800,000 (approximately Rs 67 lakh) to support her ongoing research</div></div>",alternate,text/html,https://www.firstpost.com/explainers/who-is-shailaja-paik-the-dalit-scholar-who-is-awarded-rs-67-lakh-macarthur-genius-grant-13822044.html,https://www.firstpost.com/explainers/who-is-shailaja-paik-the-dalit-scholar-who-is-awarded-rs-67-lakh-macarthur-genius-grant-13822044.html,c574e67fff26f2754da71d64a4d3257a,False,FP Explainers,FP Explainers,FP Explainers,"Fri, 04 Oct 2024 12:17:27 GMT","time.struct_time(tm_year=2024, tm_mon=10, tm_mday=4, tm_hour=12, tm_min=17, tm_sec=27, tm_wday=4, tm_yday=278, tm_isdst=0)",image,"https://images.firstpost.com/uploads/2024/10/macarthur-shailaja-2024-10-55dddc41cc738605d78e539432caa3f4.jpg?im=FitAndFill=(1200,675)",https://rss.app/feeds/P8K5BBCE7t1JWZQ3.xml,Google News,Dalit ,,,,2024-10-04 11:16:56
Amethi Dalit family murder: Opposition slams Yogi Adityanath government over law and order situation,text/plain,,https://rss.app/feeds/P8K5BBCE7t1JWZQ3.xml,Amethi Dalit family murder: Opposition slams Yogi Adityanath government over law and order situation,"<div><img src=""https://images.deccanherald.com/deccanherald%2F2024-10-04%2Fjwhmhz0x%2Ffile7xgcb1akrlv86089la3.jpg?rect=0%2C0%2C482%2C253&amp;w=1200&amp;ar=40%3A21&amp;auto=format%2Ccompress&amp;ogImage=true&amp;mode=crop"" style=""width: 100%;"" /></div>",text/html,,https://rss.app/feeds/P8K5BBCE7t1JWZQ3.xml,"<div><img src=""https://images.deccanherald.com/deccanherald%2F2024-10-04%2Fjwhmhz0x%2Ffile7xgcb1akrlv86089la3.jpg?rect=0%2C0%2C482%2C253&amp;w=1200&amp;ar=40%3A21&amp;auto=format%2Ccompress&amp;ogImage=true&amp;mode=crop"" style=""width: 100%;"" /></div>",alternate,text/html,https://www.deccanherald.com/india/uttar-pradesh/amethi-dalit-family-murder-opposition-slams-yogi-adityanath-government-over-law-and-order-situation-3219749,https://www.deccanherald.com/india/uttar-pradesh/amethi-dalit-family-murder-opposition-slams-yogi-adityanath-government-over-law-and-order-situation-3219749,3717af286ffa23b1b3c620e8f9948370,False,PTI,PTI,PTI,"Fri, 04 Oct 2024 12:12:11 GMT","time.struct_time(tm_year=2024, tm_mon=10, tm_mday=4, tm_hour=12, tm_min=12, tm_sec=11, tm_wday=4, tm_yday=278, tm_isdst=0)",image,https://images.deccanherald.com/deccanherald%2F2024-10-04%2Fjwhmhz0x%2Ffile7xgcb1akrlv86089la3.jpg?rect=0%2C0%2C482%2C253&w=1200&ar=40%3A21&auto=format%2Ccompress&ogImage=true&mode=crop,https://rss.app/feeds/P8K5BBCE7t1JWZQ3.xml,Google News,Dalit ,,,,2024-10-04 11:16:56
Amethi Dalit murder: Opposition slams Yogi govt over law and order situation,text/plain,,https://rss.app/feeds/P8K5BBCE7t1JWZQ3.xml,Amethi Dalit murder: Opposition slams Yogi govt over law and order situation,"<div><img src=""https://cdn.siasat.com/wp-content/uploads/2024/06/Untitled-design-10-3.jpg"" style=""width: 100%;"" /><div>Lucknow: Opposition leaders in Uttar Pradesh on Friday, October 4 attacked the BJP-led state government over the law and order situation in the state,</div></div>",text/html,,https://rss.app/feeds/P8K5BBCE7t1JWZQ3.xml,"<div><img src=""https://cdn.siasat.com/wp-content/uploads/2024/06/Untitled-design-10-3.jpg"" style=""width: 100%;"" /><div>Lucknow: Opposition leaders in Uttar Pradesh on Friday, October 4 attacked the BJP-led state government over the law and order situation in the state,</div></div>",alternate,text/html,https://www.siasat.com/amethi-dalit-murder-opposition-slams-yogi-govt-over-law-and-order-situation-3107524/,https://www.siasat.com/amethi-dalit-murder-opposition-slams-yogi-govt-over-law-and-order-situation-3107524/,ee5b85c8f7748c9aed8e5f4a96e43b44,False,Press Trust of India,Press Trust of India,Press Trust of India,"Fri, 04 Oct 2024 10:45:57 GMT","time.struct_time(tm_year=2024, tm_mon=10, tm_mday=4, tm_hour=10, tm_min=45, tm_sec=57, tm_wday=4, tm_yday=278, tm_isdst=0)",image,https://cdn.siasat.com/wp-content/uploads/2024/06/Untitled-design-10-3.jpg,https://rss.app/feeds/P8K5BBCE7t1JWZQ3.xml,Google News,Dalit ,,,,2024-10-04 11:16:56
"Amethi killings: Dalit man reaches Rae Bareli with bodies, speaks to Rahul on phone",text/plain,,https://rss.app/feeds/P8K5BBCE7t1JWZQ3.xml,"Amethi killings: Dalit man reaches Rae Bareli with bodies, speaks to Rahul on phone","<div><img src=""https://images.deccanherald.com/deccanherald%2F2024-10-04%2F8o0yr4zi%2FScreenshot-2.png?rect=0%2C27%2C1440%2C756&amp;w=1200&amp;ar=40%3A21&amp;auto=format%2Ccompress&amp;ogImage=true&amp;mode=crop"" style=""width: 100%;"" /></div>",text/html,,https://rss.app/feeds/P8K5BBCE7t1JWZQ3.xml,"<div><img src=""https://images.deccanherald.com/deccanherald%2F2024-10-04%2F8o0yr4zi%2FScreenshot-2.png?rect=0%2C27%2C1440%2C756&amp;w=1200&amp;ar=40%3A21&amp;auto=format%2Ccompress&amp;ogImage=true&amp;mode=crop"" style=""width: 100%;"" /></div>",alternate,text/html,https://www.deccanherald.com/india/uttar-pradesh/amethi-killings-dalit-man-reaches-rae-bareli-with-bodies-speaks-to-rahul-on-phone-3219490,https://www.deccanherald.com/india/uttar-pradesh/amethi-killings-dalit-man-reaches-rae-bareli-with-bodies-speaks-to-rahul-on-phone-3219490,5fe0cc8ced1a60aae77b3ec127d7c6f5,False,PTI,PTI,PTI,"Fri, 04 Oct 2024 09:49:13 GMT","time.struct_time(tm_year=2024, tm_mon=10, tm_mday=4, tm_hour=9, tm_min=49, tm_sec=13, tm_wday=4, tm_yday=278, tm_isdst=0)",image,https://images.deccanherald.com/deccanherald%2F2024-10-04%2F8o0yr4zi%2FScreenshot-2.png?rect=0%2C27%2C1440%2C756&w=1200&ar=40%3A21&auto=format%2Ccompress&ogImage=true&mode=crop,https://rss.app/feeds/P8K5BBCE7t1JWZQ3.xml,Google News,Dalit ,,,,2024-10-04 11:16:56
"Tanwar asks Dalits, backward classes to ensure big mandate for Congress in Haryana",text/plain,,https://rss.app/feeds/P8K5BBCE7t1JWZQ3.xml,"Tanwar asks Dalits, backward classes to ensure big mandate for Congress in Haryana","<div><img src=""https://th-i.thgim.com/public/incoming/afzeny/article68717309.ece/alternates/LANDSCAPE_1200/PTI10_5_2019_000168B.jpg"" style=""width: 100%;"" /><div>Former MP Ashok Tanwar returns to Congress, urges Haryana to vote for party in Assembly polls for national message.</div></div>",text/html,,https://rss.app/feeds/P8K5BBCE7t1JWZQ3.xml,"<div><img src=""https://th-i.thgim.com/public/incoming/afzeny/article68717309.ece/alternates/LANDSCAPE_1200/PTI10_5_2019_000168B.jpg"" style=""width: 100%;"" /><div>Former MP Ashok Tanwar returns to Congress, urges Haryana to vote for party in Assembly polls for national message.</div></div>",alternate,text/html,https://www.thehindu.com/elections/haryana-assembly/tanwar-asks-dalits-backward-classes-to-ensure-big-mandate-for-congress-in-haryana/article68717269.ece,https://www.thehindu.com/elections/haryana-assembly/tanwar-asks-dalits-backward-classes-to-ensure-big-mandate-for-congress-in-haryana/article68717269.ece,98ef99014e41c4adf2f9e289d0e98139,False,The Hindu,The Hindu,The Hindu,"Fri, 04 Oct 2024 09:22:24 GMT","time.struct_time(tm_year=2024, tm_mon=10, tm_mday=4, tm_hour=9, tm_min=22, tm_sec=24, tm_wday=4, tm_yday=278, tm_isdst=0)",image,https://th-i.thgim.com/public/incoming/afzeny/article68717309.ece/alternates/LANDSCAPE_1200/PTI10_5_2019_000168B.jpg,https://rss.app/feeds/P8K5BBCE7t1JWZQ3.xml,Google News,Dalit ,,,,2024-10-04 11:16:56
"Amethi Horror: Rahul Gandhi Speaks To Dalit Man Whose Son, Daughter-In-Law & 2 Granddaughters Were Shot Dead By Unknown Men; (Video)",text/plain,,https://rss.app/feeds/P8K5BBCE7t1JWZQ3.xml,"Amethi Horror: Rahul Gandhi Speaks To Dalit Man Whose Son, Daughter-In-Law & 2 Granddaughters Were Shot Dead By Unknown Men; (Video)","<div><img src=""https://media.assettype.com/freepressjournal/2024-10-04/7vxlirz7/Hero-Image-2024-10-04T144539.651.jpg"" style=""width: 100%;"" /><div>Amethi MP Kishori Lal, who came to Rae Bareli at Gandhi's behest, arranged the phone call, which lasted about three minutes according to visuals.</div></div>",text/html,,https://rss.app/feeds/P8K5BBCE7t1JWZQ3.xml,"<div><img src=""https://media.assettype.com/freepressjournal/2024-10-04/7vxlirz7/Hero-Image-2024-10-04T144539.651.jpg"" style=""width: 100%;"" /><div>Amethi MP Kishori Lal, who came to Rae Bareli at Gandhi's behest, arranged the phone call, which lasted about three minutes according to visuals.</div></div>",alternate,text/html,https://www.freepressjournal.in/india/amethi-horror-rahul-gandhi-speaks-to-dalit-man-whose-son-daughter-in-law-2-granddaughters-were-shot-dead-by-unknown-men-video,https://www.freepressjournal.in/india/amethi-horror-rahul-gandhi-speaks-to-dalit-man-whose-son-daughter-in-law-2-granddaughters-were-shot-dead-by-unknown-men-video,d3aaf0a2eb4eba81c1c93647a4182a89,False,PTI,PTI,PTI,"Fri, 04 Oct 2024 09:19:00 GMT","time.struct_time(tm_year=2024, tm_mon=10, tm_mday=4, tm_hour=9, tm_min=19, tm_sec=0, tm_wday=4, tm_yday=278, tm_isdst=0)",image,https://media.assettype.com/freepressjournal/2024-10-04/7vxlirz7/Hero-Image-2024-10-04T144539.651.jpg,https://rss.app/feeds/P8K5BBCE7t1JWZQ3.xml,Google News,Dalit ,,,,2024-10-04 11:16:56
Amethi Dalit family's chilling murder: Father says son's killer must suffer same fate,text/plain,,https://rss.app/feeds/P8K5BBCE7t1JWZQ3.xml,Amethi Dalit family's chilling murder: Father says son's killer must suffer same fate,"<div><img src=""https://www.hindustantimes.com/ht-img/img/2024/10/04/1600x900/amethi_1728030332135_1728030349133.jfif"" style=""width: 100%;"" /><div>A government school teacher, his wife and two kids were shot dead in their home by an unknown shooter in Uttar Pradesh's Amethi on Thursday.</div></div>",text/html,,https://rss.app/feeds/P8K5BBCE7t1JWZQ3.xml,"<div><img src=""https://www.hindustantimes.com/ht-img/img/2024/10/04/1600x900/amethi_1728030332135_1728030349133.jfif"" style=""width: 100%;"" /><div>A government school teacher, his wife and two kids were shot dead in their home by an unknown shooter in Uttar Pradesh's Amethi on Thursday.</div></div>",alternate,text/html,https://www.hindustantimes.com/india-news/amethi-dalit-familys-chilling-murder-father-says-sons-killer-must-suffer-same-fate-101728024088868.html,https://www.hindustantimes.com/india-news/amethi-dalit-familys-chilling-murder-father-says-sons-killer-must-suffer-same-fate-101728024088868.html,b07c0d2d06930079135699a060992011,False,HT News Desk,HT News Desk,HT News Desk,"Fri, 04 Oct 2024 08:37:15 GMT","time.struct_time(tm_year=2024, tm_mon=10, tm_mday=4, tm_hour=8, tm_min=37, tm_sec=15, tm_wday=4, tm_yday=278, tm_isdst=0)",image,https://www.hindustantimes.com/ht-img/img/2024/10/04/1600x900/amethi_1728030332135_1728030349133.jfif,https://rss.app/feeds/P8K5BBCE7t1JWZQ3.xml,Google News,Dalit ,,,,2024-10-04 11:16:56
"Who is Shailaja Paik, the Dalit Professor from the University of Cincinnati Recognized as a MacArthur Fellow?",text/plain,,https://rss.app/feeds/P8K5BBCE7t1JWZQ3.xml,"Who is Shailaja Paik, the Dalit Professor from the University of Cincinnati Recognized as a MacArthur Fellow?","<div><img src=""https://static.toiimg.com/thumb/msid-113933785,width-1070,height-580,imgsize-6056,resizemode-75,overlay-toi_sw,pt-32,y_pad-40/photo.jpg"" style=""width: 100%;"" /><div>News News: Indian-American historian Shailaja Paik, a professor at the University of Cincinnati, has been named one of Ohio’s 10 MacArthur Fellows and is the fir</div></div>",text/html,,https://rss.app/feeds/P8K5BBCE7t1JWZQ3.xml,"<div><img src=""https://static.toiimg.com/thumb/msid-113933785,width-1070,height-580,imgsize-6056,resizemode-75,overlay-toi_sw,pt-32,y_pad-40/photo.jpg"" style=""width: 100%;"" /><div>News News: Indian-American historian Shailaja Paik, a professor at the University of Cincinnati, has been named one of Ohio’s 10 MacArthur Fellows and is the fir</div></div>",alternate,text/html,https://timesofindia.indiatimes.com/education/news/who-is-shailaja-paik-the-dalit-professor-from-the-university-of-cincinnati-recognized-as-a-macarthur-fellow/articleshow/113933803.cms,https://timesofindia.indiatimes.com/education/news/who-is-shailaja-paik-the-dalit-professor-from-the-university-of-cincinnati-recognized-as-a-macarthur-fellow/articleshow/113933803.cms,0a7463f8426829e5939f38a8bd4e4bca,False,Trisha Tewari,Trisha Tewari,Trisha Tewari,"Fri, 04 Oct 2024 08:35:00 GMT","time.struct_time(tm_year=2024, tm_mon=10, tm_mday=4, tm_hour=8, tm_min=35, tm_sec=0, tm_wday=4, tm_yday=278, tm_isdst=0)",image,"https://static.toiimg.com/thumb/msid-113933785,width-1070,height-580,imgsize-6056,resizemode-75,overlay-toi_sw,pt-32,y_pad-40/photo.jpg",https://rss.app/feeds/P8K5BBCE7t1JWZQ3.xml,Google News,Dalit ,,,,2024-10-04 11:16:56
Tanwar asks Dalits backward classes to ensure big mandate for Congress in Haryana,text/plain,,https://rss.app/feeds/P8K5BBCE7t1JWZQ3.xml,Tanwar asks Dalits backward classes to ensure big mandate for Congress in Haryana,"<div><img src=""https://www.theweek.in/content/dam/week/wire-updates/the-week-pti-wire-updates.jpg"" style=""width: 100%;"" /><div>(This story has not been edited by THE WEEK and is auto-generated from a PTI</div></div>",text/html,,https://rss.app/feeds/P8K5BBCE7t1JWZQ3.xml,"<div><img src=""https://www.theweek.in/content/dam/week/wire-updates/the-week-pti-wire-updates.jpg"" style=""width: 100%;"" /><div>(This story has not been edited by THE WEEK and is auto-generated from a PTI</div></div>",alternate,text/html,https://www.theweek.in/wire-updates/national/2024/10/04/del24-cong-tanwar.html,https://www.theweek.in/wire-updates/national/2024/10/04/del24-cong-tanwar.html,9ad0715703b3a4e3fbadc35b9dd11b89,False,PTI,PTI,PTI,"Fri, 04 Oct 2024 08:28:02 GMT","time.struct_time(tm_year=2024, tm_mon=10, tm_mday=4, tm_hour=8, tm_min=28, tm_sec=2, tm_wday=4, tm_yday=278, tm_isdst=0)",image,https://www.theweek.in/content/dam/week/wire-updates/the-week-pti-wire-updates.jpg,https://rss.app/feeds/P8K5BBCE7t1JWZQ3.xml,Google News,Dalit ,,,,2024-10-04 11:16:56
Indian-American professor Shailaja Paik receives US Genius Grant on Dalit studies,text/plain,,https://rss.app/feeds/P8K5BBCE7t1JWZQ3.xml,Indian-American professor Shailaja Paik receives US Genius Grant on Dalit studies,"<div><img src=""https://static.toiimg.com/thumb/msid-113930344,width-1070,height-580,imgsize-539665,resizemode-75,overlay-toi_sw,pt-32,y_pad-40/photo.jpg"" style=""width: 100%;"" /><div>US News: Historian and a professor at University of Cincinnati, Shailaja Paik has received a $800,000 ""genius"" grant from Mc Arthur Foundation for writing abou.</div></div>",text/html,,https://rss.app/feeds/P8K5BBCE7t1JWZQ3.xml,"<div><img src=""https://static.toiimg.com/thumb/msid-113930344,width-1070,height-580,imgsize-539665,resizemode-75,overlay-toi_sw,pt-32,y_pad-40/photo.jpg"" style=""width: 100%;"" /><div>US News: Historian and a professor at University of Cincinnati, Shailaja Paik has received a $800,000 ""genius"" grant from Mc Arthur Foundation for writing abou.</div></div>",alternate,text/html,https://timesofindia.indiatimes.com/world/us/indian-american-professor-shailaja-paik-receives-us-genius-grant-on-dalit-studies/articleshow/113929537.cms,https://timesofindia.indiatimes.com/world/us/indian-american-professor-shailaja-paik-receives-us-genius-grant-on-dalit-studies/articleshow/113929537.cms,348de8446b0f29af1344c8daf50c0baa,False,TOI World Desk,TOI World Desk,TOI World Desk,"Fri, 04 Oct 2024 06:51:00 GMT","time.struct_time(tm_year=2024, tm_mon=10, tm_mday=4, tm_hour=6, tm_min=51, tm_sec=0, tm_wday=4, tm_yday=278, tm_isdst=0)",image,"https://static.toiimg.com/thumb/msid-113930344,width-1070,height-580,imgsize-539665,resizemode-75,overlay-toi_sw,pt-32,y_pad-40/photo.jpg",https://rss.app/feeds/P8K5BBCE7t1JWZQ3.xml,Google News,Dalit ,,,,2024-10-04 11:16:56
"Historian Shailaja Paik becomes first Dalit to receive a US Genius Grant, says ""It is fantastic reminder of...""",text/plain,,https://rss.app/feeds/P8K5BBCE7t1JWZQ3.xml,"Historian Shailaja Paik becomes first Dalit to receive a US Genius Grant, says ""It is fantastic reminder of...""","<div><img src=""https://cdn.dnaindia.com/sites/default/files/styles/full/public/2024/10/04/2655778-shailaja-paik.png"" style=""width: 100%;"" /><div>Maharashtra-born Shailaja Paik received the coveted MacArthur Fellowship of $800,000 for her pioneering work on Dalit, gender and sexuality studies in Cincinnati, USA.</div></div>",text/html,,https://rss.app/feeds/P8K5BBCE7t1JWZQ3.xml,"<div><img src=""https://cdn.dnaindia.com/sites/default/files/styles/full/public/2024/10/04/2655778-shailaja-paik.png"" style=""width: 100%;"" /><div>Maharashtra-born Shailaja Paik received the coveted MacArthur Fellowship of $800,000 for her pioneering work on Dalit, gender and sexuality studies in Cincinnati, USA.</div></div>",alternate,text/html,https://www.dnaindia.com/india/report-historian-shailaja-paik-becomes-first-dalit-to-receive-a-us-genius-grant-says-it-is-fantastic-reminder-of-3111326,https://www.dnaindia.com/india/report-historian-shailaja-paik-becomes-first-dalit-to-receive-a-us-genius-grant-says-it-is-fantastic-reminder-of-3111326,e63f1a070f56242fc6eb1ddbfc690405,False,Varsha Agarwal,Varsha Agarwal,Varsha Agarwal,"Fri, 04 Oct 2024 05:59:57 GMT","time.struct_time(tm_year=2024, tm_mon=10, tm_mday=4, tm_hour=5, tm_min=59, tm_sec=57, tm_wday=4, tm_yday=278, tm_isdst=0)",image,https://cdn.dnaindia.com/sites/default/files/styles/full/public/2024/10/04/2655778-shailaja-paik.png,https://rss.app/feeds/P8K5BBCE7t1JWZQ3.xml,Google News,Dalit ,,,,2024-10-04 11:16:56
"Jailed for ‘assaulting’ Dalit man, MLA’s son clinches vice-chairman post in cooperative bank elections",text/plain,,https://rss.app/feeds/P8K5BBCE7t1JWZQ3.xml,"Jailed for ‘assaulting’ Dalit man, MLA’s son clinches vice-chairman post in cooperative bank elections","<div><img src=""https://images.indianexpress.com/2024/10/Jyotiradityasinh-Jadeja.jpg"" style=""width: 100%;"" /><div>Also granted bail by the Gujarat High Court in the assault, kidnapping case</div></div>",text/html,,https://rss.app/feeds/P8K5BBCE7t1JWZQ3.xml,"<div><img src=""https://images.indianexpress.com/2024/10/Jyotiradityasinh-Jadeja.jpg"" style=""width: 100%;"" /><div>Also granted bail by the Gujarat High Court in the assault, kidnapping case</div></div>",alternate,text/html,https://indianexpress.com/article/cities/ahmedabad/jailed-for-assaulting-dalit-man-mlas-son-clinches-vice-chairman-post-in-cooperative-bank-elections-9602581/,https://indianexpress.com/article/cities/ahmedabad/jailed-for-assaulting-dalit-man-mlas-son-clinches-vice-chairman-post-in-cooperative-bank-elections-9602581/,4f680d0a019ce0bde615c2990469b9d8,False,Gopal B Kateshiya,Gopal B Kateshiya,Gopal B Kateshiya,"Fri, 04 Oct 2024 00:04:18 GMT","time.struct_time(tm_year=2024, tm_mon=10, tm_mday=4, tm_hour=0, tm_min=4, tm_sec=18, tm_wday=4, tm_yday=278, tm_isdst=0)",image,https://images.indianexpress.com/2024/10/Jyotiradityasinh-Jadeja.jpg,https://rss.app/feeds/P8K5BBCE7t1JWZQ3.xml,Google News,Dalit ,,,,2024-10-04 11:16:56
Dalit Scholar Shailaja Paik: Indian-Origin historian among recipients of MacArthur Foundation’s 2024 'Genius Grant',text/plain,,https://rss.app/feeds/P8K5BBCE7t1JWZQ3.xml,Dalit Scholar Shailaja Paik: Indian-Origin historian among recipients of MacArthur Foundation’s 2024 'Genius Grant',"<div><img src=""https://static-bestcolleges.tosshub.com/2024/News/9ifiYJ8RPaEXuwoAN4n0VwWKWbmBJOkgEX3resGz.jpg"" style=""width: 100%;"" /><div>Fellows are selected through a year-long nomination process, with input from their peers and communities, without knowing they have been nominated until chosen for the award</div></div>",text/html,,https://rss.app/feeds/P8K5BBCE7t1JWZQ3.xml,"<div><img src=""https://static-bestcolleges.tosshub.com/2024/News/9ifiYJ8RPaEXuwoAN4n0VwWKWbmBJOkgEX3resGz.jpg"" style=""width: 100%;"" /><div>Fellows are selected through a year-long nomination process, with input from their peers and communities, without knowing they have been nominated until chosen for the award</div></div>",alternate,text/html,https://bestcolleges.indiatoday.in/news-detail/dalit-scholar-shailaja-paik-indian-origin-historian-among-recipients-of-macarthur-foundations-2024-genius-grant,https://bestcolleges.indiatoday.in/news-detail/dalit-scholar-shailaja-paik-indian-origin-historian-among-recipients-of-macarthur-foundations-2024-genius-grant,ee3e41d1c077b164c3ad014c2ba22f67,False,indiatoday,indiatoday,indiatoday,"Fri, 04 Oct 2024 00:00:00 GMT","time.struct_time(tm_year=2024, tm_mon=10, tm_mday=4, tm_hour=0, tm_min=0, tm_sec=0, tm_wday=4, tm_yday=278, tm_isdst=0)",image,https://static-bestcolleges.tosshub.com/2024/News/9ifiYJ8RPaEXuwoAN4n0VwWKWbmBJOkgEX3resGz.jpg,https://rss.app/feeds/P8K5BBCE7t1JWZQ3.xml,Google News,Dalit ,,,,2024-10-04 11:16:56
"How Dalit, OBC votes could be a gamechanger in Haryana polls",text/plain,,https://rss.app/feeds/P8K5BBCE7t1JWZQ3.xml,"How Dalit, OBC votes could be a gamechanger in Haryana polls","<div><img src=""https://static.toiimg.com/thumb/msid-113919211,width-1070,height-580,imgsize-1348592,resizemode-75,overlay-toi_sw,pt-32,y_pad-40/photo.jpg"" style=""width: 100%;"" /><div>Manju Devi and others from lower castes in Haryana express disillusionment over lack of job opportunities and political neglect. Despite poor developm</div></div>",text/html,,https://rss.app/feeds/P8K5BBCE7t1JWZQ3.xml,"<div><img src=""https://static.toiimg.com/thumb/msid-113919211,width-1070,height-580,imgsize-1348592,resizemode-75,overlay-toi_sw,pt-32,y_pad-40/photo.jpg"" style=""width: 100%;"" /><div>Manju Devi and others from lower castes in Haryana express disillusionment over lack of job opportunities and political neglect. Despite poor developm</div></div>",alternate,text/html,https://timesofindia.indiatimes.com/india/how-dalit-obc-votes-could-be-a-gamechanger-in-haryana-polls/articleshow/113919146.cms,https://timesofindia.indiatimes.com/india/how-dalit-obc-votes-could-be-a-gamechanger-in-haryana-polls/articleshow/113919146.cms,1a94bc55365b4f28b53e290d05262f98,False,Mudita Girotra,Mudita Girotra,Mudita Girotra,"Thu, 03 Oct 2024 21:40:00 GMT","time.struct_time(tm_year=2024, tm_mon=10, tm_mday=3, tm_hour=21, tm_min=40, tm_sec=0, tm_wday=3, tm_yday=277, tm_isdst=0)",image,"https://static.toiimg.com/thumb/msid-113919211,width-1070,height-580,imgsize-1348592,resizemode-75,overlay-toi_sw,pt-32,y_pad-40/photo.jpg",https://rss.app/feeds/P8K5BBCE7t1JWZQ3.xml,Google News,Dalit ,,,,2024-10-04 11:16:56
Congress High Command rallies behind Young Dalit Leader with Priyanka Gandhi Mega Rally | Chandigarh News,text/plain,,https://rss.app/feeds/P8K5BBCE7t1JWZQ3.xml,Congress High Command rallies behind Young Dalit Leader with Priyanka Gandhi Mega Rally | Chandigarh News,"<div><img src=""https://static.toiimg.com/thumb/msid-113915675,width-1070,height-580,imgsize-829307,resizemode-75,overlay-toi_sw,pt-32,y_pad-40/photo.jpg"" style=""width: 100%;"" /><div>Priyanka Gandhi's rally invigorates support for young Dalit leader Pradeep Narwal in Bawani Khera. Despite initial skepticism as an outsider, Narwal's</div></div>",text/html,,https://rss.app/feeds/P8K5BBCE7t1JWZQ3.xml,"<div><img src=""https://static.toiimg.com/thumb/msid-113915675,width-1070,height-580,imgsize-829307,resizemode-75,overlay-toi_sw,pt-32,y_pad-40/photo.jpg"" style=""width: 100%;"" /><div>Priyanka Gandhi's rally invigorates support for young Dalit leader Pradeep Narwal in Bawani Khera. Despite initial skepticism as an outsider, Narwal's</div></div>",alternate,text/html,https://timesofindia.indiatimes.com/city/chandigarh/congress-high-command-rallies-behind-young-dalit-leader-with-priyanka-gandhi-mega-rally/articleshow/113915672.cms,https://timesofindia.indiatimes.com/city/chandigarh/congress-high-command-rallies-behind-young-dalit-leader-with-priyanka-gandhi-mega-rally/articleshow/113915672.cms,981202ea67ca7c90922e81f236a8e26b,False,VIJENDER KUMAR,VIJENDER KUMAR,VIJENDER KUMAR,"Thu, 03 Oct 2024 16:49:00 GMT","time.struct_time(tm_year=2024, tm_mon=10, tm_mday=3, tm_hour=16, tm_min=49, tm_sec=0, tm_wday=3, tm_yday=277, tm_isdst=0)",image,"https://static.toiimg.com/thumb/msid-113915675,width-1070,height-580,imgsize-829307,resizemode-75,overlay-toi_sw,pt-32,y_pad-40/photo.jpg",https://rss.app/feeds/P8K5BBCE7t1JWZQ3.xml,Google News,Dalit ,,,,2024-10-04 11:16:56
Haryana Dalit Leader Ashok Tanwar’s Sudden Congress Comeback Magnifies ‘20% Poll Plan’ of Parties,text/plain,,https://rss.app/feeds/P8K5BBCE7t1JWZQ3.xml,Haryana Dalit Leader Ashok Tanwar’s Sudden Congress Comeback Magnifies ‘20% Poll Plan’ of Parties,"<div><img src=""https://images.news18.com/ibnlive/uploads/2024/10/ashok-tanwar-2024-10-4fca3d10cbbd26f38b67fcc5e9db0043-16x9.jpg?impolicy=website&amp;width=1200&amp;height=675"" style=""width: 100%;"" /><div>In a state where ‘Jat versus non-Jat’ is a big issue, it's the Dalit chessboard that has changed the political dynamics ahead of the October 5 assembly elections</div></div>",text/html,,https://rss.app/feeds/P8K5BBCE7t1JWZQ3.xml,"<div><img src=""https://images.news18.com/ibnlive/uploads/2024/10/ashok-tanwar-2024-10-4fca3d10cbbd26f38b67fcc5e9db0043-16x9.jpg?impolicy=website&amp;width=1200&amp;height=675"" style=""width: 100%;"" /><div>In a state where ‘Jat versus non-Jat’ is a big issue, it's the Dalit chessboard that has changed the political dynamics ahead of the October 5 assembly elections</div></div>",alternate,text/html,https://www.news18.com/elections/haryana-dalit-leader-ashok-tanwars-sudden-congress-comeback-magnifies-20-poll-plan-of-parties-9072497.html,https://www.news18.com/elections/haryana-dalit-leader-ashok-tanwars-sudden-congress-comeback-magnifies-20-poll-plan-of-parties-9072497.html,3540039842e0a9cc41d94807de0ffbb6,False,"Pathikrit Sen Gupta,Pallavi Ghosh","Pathikrit Sen Gupta,Pallavi Ghosh","Pathikrit Sen Gupta,Pallavi Ghosh","Thu, 03 Oct 2024 13:10:19 GMT","time.struct_time(tm_year=2024, tm_mon=10, tm_mday=3, tm_hour=13, tm_min=10, tm_sec=19, tm_wday=3, tm_yday=277, tm_isdst=0)",image,https://images.news18.com/ibnlive/uploads/2024/10/ashok-tanwar-2024-10-4fca3d10cbbd26f38b67fcc5e9db0043-16x9.jpg?impolicy=website&width=1200&height=675,https://rss.app/feeds/P8K5BBCE7t1JWZQ3.xml,Google News,Dalit ,,,,2024-10-04 11:16:56
Dalit man assaulted,text/plain,,https://rss.app/feeds/P8K5BBCE7t1JWZQ3.xml,Dalit man assaulted,"<div><img src=""https://www.thestatesman.com/wp-content/uploads/2021/12/tagging-4.jpg"" style=""width: 100%;"" /><div>Several members of the upper castes allegedly took the law into their own hands and thrashed a dalit man, blackened his face and put a shoe garland around his neck before parading him half-naked in a village in the Mandsaur district of Madhya Pradesh.</div></div>",text/html,,https://rss.app/feeds/P8K5BBCE7t1JWZQ3.xml,"<div><img src=""https://www.thestatesman.com/wp-content/uploads/2021/12/tagging-4.jpg"" style=""width: 100%;"" /><div>Several members of the upper castes allegedly took the law into their own hands and thrashed a dalit man, blackened his face and put a shoe garland around his neck before parading him half-naked in a village in the Mandsaur district of Madhya Pradesh.</div></div>",alternate,text/html,https://www.thestatesman.com/india/dalit-man-assaulted-1503349657.html,https://www.thestatesman.com/india/dalit-man-assaulted-1503349657.html,6148b2a93e283524ff8674bd01291299,False,Statesman News Service,Statesman News Service,Statesman News Service,"Thu, 03 Oct 2024 11:15:57 GMT","time.struct_time(tm_year=2024, tm_mon=10, tm_mday=3, tm_hour=11, tm_min=15, tm_sec=57, tm_wday=3, tm_yday=277, tm_isdst=0)",image,https://www.thestatesman.com/wp-content/uploads/2021/12/tagging-4.jpg,https://rss.app/feeds/P8K5BBCE7t1JWZQ3.xml,Google News,Dalit ,,,,2024-10-04 11:16:56
"TN cops abetted barring of Dalit funeral from public road, residents allege",text/plain,,https://rss.app/feeds/P8K5BBCE7t1JWZQ3.xml,"TN cops abetted barring of Dalit funeral from public road, residents allege","<div><img src=""https://media.assettype.com/thenewsminute%2F2024-10-03%2Fgf2laqp6%2FTiruvanamalaiFuneralRoadDenied031024.jfif?rect=0%2C0%2C750%2C394&amp;w=1200&amp;ar=40%3A21&amp;auto=format%2Ccompress&amp;ogImage=true&amp;mode=crop&amp;enlarge=true&amp;overlay=false&amp;overlay_position=bottom&amp;overlay_width=100"" style=""width: 100%;"" /><div>Days after Dalits in Tamil Nadu’s Tiruvannamalai district were barred access to a public road to conduct a funeral procession, residents allege that the Deputy</div></div>",text/html,,https://rss.app/feeds/P8K5BBCE7t1JWZQ3.xml,"<div><img src=""https://media.assettype.com/thenewsminute%2F2024-10-03%2Fgf2laqp6%2FTiruvanamalaiFuneralRoadDenied031024.jfif?rect=0%2C0%2C750%2C394&amp;w=1200&amp;ar=40%3A21&amp;auto=format%2Ccompress&amp;ogImage=true&amp;mode=crop&amp;enlarge=true&amp;overlay=false&amp;overlay_position=bottom&amp;overlay_width=100"" style=""width: 100%;"" /><div>Days after Dalits in Tamil Nadu’s Tiruvannamalai district were barred access to a public road to conduct a funeral procession, residents allege that the Deputy</div></div>",alternate,text/html,https://www.thenewsminute.com/tamil-nadu/tn-cops-abetted-barring-of-dalit-funeral-from-public-road-residents-allege,https://www.thenewsminute.com/tamil-nadu/tn-cops-abetted-barring-of-dalit-funeral-from-public-road-residents-allege,fb11d176efceb020dd32d864f36c3216,False,"Bharathy Singaravel,Sukanya Shaji","Bharathy Singaravel,Sukanya Shaji","Bharathy Singaravel,Sukanya Shaji","Thu, 03 Oct 2024 10:20:24 GMT","time.struct_time(tm_year=2024, tm_mon=10, tm_mday=3, tm_hour=10, tm_min=20, tm_sec=24, tm_wday=3, tm_yday=277, tm_isdst=0)",image,https://media.assettype.com/thenewsminute%2F2024-10-03%2Fgf2laqp6%2FTiruvanamalaiFuneralRoadDenied031024.jfif?rect=0%2C0%2C750%2C394&w=1200&ar=40%3A21&auto=format%2Ccompress&ogImage=true&mode=crop&enlarge=true&overlay=false&overlay_position=bottom&overlay_width=100,https://rss.app/feeds/P8K5BBCE7t1JWZQ3.xml,Google News,Dalit ,,,,2024-10-04 11:16:56
India advocate says discrimination against Dalit Catholics must be addressed in Synod,text/plain,,https://rss.app/feeds/P8K5BBCE7t1JWZQ3.xml,India advocate says discrimination against Dalit Catholics must be addressed in Synod,"<div><img src=""https://wp.cruxnow.com/wp-content/uploads/2024/10/cns-india.jpg?w=1200"" style=""width: 100%;"" /><div>As bishops around the world meet at the Vatican for the Synod on Synodality, some Catholics in India say they must address the the “draconian casteism, caste discrimination and domination prevailing historically in the Catholic Church.”</div></div>",text/html,,https://rss.app/feeds/P8K5BBCE7t1JWZQ3.xml,"<div><img src=""https://wp.cruxnow.com/wp-content/uploads/2024/10/cns-india.jpg?w=1200"" style=""width: 100%;"" /><div>As bishops around the world meet at the Vatican for the Synod on Synodality, some Catholics in India say they must address the the “draconian casteism, caste discrimination and domination prevailing historically in the Catholic Church.”</div></div>",alternate,text/html,https://cruxnow.com/church-in-asia/2024/10/india-advocate-says-discrimination-against-dalit-catholics-must-be-addressed-in-synod/,https://cruxnow.com/church-in-asia/2024/10/india-advocate-says-discrimination-against-dalit-catholics-must-be-addressed-in-synod/,e0e83e7c79bb4a82f196ea8d674d1575,False,Nirmala Carvalho,Nirmala Carvalho,Nirmala Carvalho,"Thu, 03 Oct 2024 09:00:11 GMT","time.struct_time(tm_year=2024, tm_mon=10, tm_mday=3, tm_hour=9, tm_min=0, tm_sec=11, tm_wday=3, tm_yday=277, tm_isdst=0)",image,https://wp.cruxnow.com/wp-content/uploads/2024/10/cns-india.jpg?w=1200,https://rss.app/feeds/P8K5BBCE7t1JWZQ3.xml,Google News,Dalit ,,,,2024-10-04 11:16:56
"UP bypolls 2024: Congress-SP talks in limbo over 3 assembly seats; INDIA allies eye Dalit, minority vote",text/plain,,https://rss.app/feeds/P8K5BBCE7t1JWZQ3.xml,"UP bypolls 2024: Congress-SP talks in limbo over 3 assembly seats; INDIA allies eye Dalit, minority vote","<div><img src=""https://akm-img-a-in.tosshub.com/businesstoday/images/story/202410/66fe51bbca3ee-while-the-congress-has-begun-preparing-for-all-10-seats--it-is-not-pushing-hard-on-the-seats-that-th-031138312-16x9.jpg"" style=""width: 100%;"" /><div>The seat-sharing arrangement between the two parties is in a pickle over 3 assembly seats up for bypolls -- Meerapur in western UP as well as Phulpur and Majhawan in the eastern part of the country's most populous state. Here's why</div></div>",text/html,,https://rss.app/feeds/P8K5BBCE7t1JWZQ3.xml,"<div><img src=""https://akm-img-a-in.tosshub.com/businesstoday/images/story/202410/66fe51bbca3ee-while-the-congress-has-begun-preparing-for-all-10-seats--it-is-not-pushing-hard-on-the-seats-that-th-031138312-16x9.jpg"" style=""width: 100%;"" /><div>The seat-sharing arrangement between the two parties is in a pickle over 3 assembly seats up for bypolls -- Meerapur in western UP as well as Phulpur and Majhawan in the eastern part of the country's most populous state. Here's why</div></div>",alternate,text/html,https://www.businesstoday.in/india/story/up-bypolls-2024-congress-sp-talks-in-limbo-over-3-assembly-seats-india-allies-eye-dalit-minority-vote-448520-2024-10-03,https://www.businesstoday.in/india/story/up-bypolls-2024-congress-sp-talks-in-limbo-over-3-assembly-seats-india-allies-eye-dalit-minority-vote-448520-2024-10-03,19b8d7c21be6fd6d4b0266f965eef64e,False,Business Today Desk,Business Today Desk,Business Today Desk,"Thu, 03 Oct 2024 08:16:26 GMT","time.struct_time(tm_year=2024, tm_mon=10, tm_mday=3, tm_hour=8, tm_min=16, tm_sec=26, tm_wday=3, tm_yday=277, tm_isdst=0)",image,https://akm-img-a-in.tosshub.com/businesstoday/images/story/202410/66fe51bbca3ee-while-the-congress-has-begun-preparing-for-all-10-seats--it-is-not-pushing-hard-on-the-seats-that-th-031138312-16x9.jpg,https://rss.app/feeds/P8K5BBCE7t1JWZQ3.xml,Google News,Dalit ,,,,2024-10-04 11:16:56
"Also in Haryana race a Priyanka Gandhi pick and rising Dalit voice, Pardeep Narwal",text/plain,,https://rss.app/feeds/P8K5BBCE7t1JWZQ3.xml,"Also in Haryana race a Priyanka Gandhi pick and rising Dalit voice, Pardeep Narwal","<div><img src=""https://images.indianexpress.com/2024/10/priyanka-gandhi-2.jpg"" style=""width: 100%;"" /><div>The Congress candidate from Bawani Khera, Narwal started off as a student leader, was part of the Congress’s campaign in UP with Priyanka, and one of the party's youngest national secretaries</div></div>",text/html,,https://rss.app/feeds/P8K5BBCE7t1JWZQ3.xml,"<div><img src=""https://images.indianexpress.com/2024/10/priyanka-gandhi-2.jpg"" style=""width: 100%;"" /><div>The Congress candidate from Bawani Khera, Narwal started off as a student leader, was part of the Congress’s campaign in UP with Priyanka, and one of the party's youngest national secretaries</div></div>",alternate,text/html,https://indianexpress.com/elections/haryana-assembly-elections-pradeep-narwal-priyanka-gandhis-protege-break-cong-factional-divides-emerge-young-dalit-face-9601188/,https://indianexpress.com/elections/haryana-assembly-elections-pradeep-narwal-priyanka-gandhis-protege-break-cong-factional-divides-emerge-young-dalit-face-9601188/,cdeaa05fa5afceb7572b0d1fff34cceb,False,Parveen K Dogra,Parveen K Dogra,Parveen K Dogra,"Thu, 03 Oct 2024 06:29:29 GMT","time.struct_time(tm_year=2024, tm_mon=10, tm_mday=3, tm_hour=6, tm_min=29, tm_sec=29, tm_wday=3, tm_yday=277, tm_isdst=0)",image,https://images.indianexpress.com/2024/10/priyanka-gandhi-2.jpg,https://rss.app/feeds/P8K5BBCE7t1JWZQ3.xml,Google News,Dalit ,,,,2024-10-04 11:16:56
Torching Dalit homes is a recurring crime in Bihar: Data,text/plain,,https://rss.app/feeds/P8K5BBCE7t1JWZQ3.xml,Torching Dalit homes is a recurring crime in Bihar: Data,"<div><img src=""https://th-i.thgim.com/public/incoming/4ab8mn/article68709361.ece/alternates/LANDSCAPE_1200/IMG_Houses_set_on_fire_i_2_1_7LDC3494.jpg"" style=""width: 100%;"" /><div>Alleged land mafia attack on Dalit hamlet in Bihar, highlighting recurring crimes against SCs and increasing pendency of cases.</div></div>",text/html,,https://rss.app/feeds/P8K5BBCE7t1JWZQ3.xml,"<div><img src=""https://th-i.thgim.com/public/incoming/4ab8mn/article68709361.ece/alternates/LANDSCAPE_1200/IMG_Houses_set_on_fire_i_2_1_7LDC3494.jpg"" style=""width: 100%;"" /><div>Alleged land mafia attack on Dalit hamlet in Bihar, highlighting recurring crimes against SCs and increasing pendency of cases.</div></div>",alternate,text/html,https://www.thehindu.com/data/torching-dalit-homes-is-a-recurring-crime-in-bihar-data/article68709408.ece,https://www.thehindu.com/data/torching-dalit-homes-is-a-recurring-crime-in-bihar-data/article68709408.ece,67ddc8afadd2b1285d2772c7c9385c4c,False,The Hindu,The Hindu,The Hindu,"Thu, 03 Oct 2024 02:30:00 GMT","time.struct_time(tm_year=2024, tm_mon=10, tm_mday=3, tm_hour=2, tm_min=30, tm_sec=0, tm_wday=3, tm_yday=277, tm_isdst=0)",image,https://th-i.thgim.com/public/incoming/4ab8mn/article68709361.ece/alternates/LANDSCAPE_1200/IMG_Houses_set_on_fire_i_2_1_7LDC3494.jpg,https://rss.app/feeds/P8K5BBCE7t1JWZQ3.xml,Google News,Dalit ,,,,2024-10-04 11:16:56
"Indian-American Professor Researching Dalit Women Gets $8,00,000 ""Genius"" Grant",text/plain,,https://rss.app/feeds/P8K5BBCE7t1JWZQ3.xml,"Indian-American Professor Researching Dalit Women Gets $8,00,000 ""Genius"" Grant","<div><img src=""https://c.ndtvimg.com/2024-10/25s2ku1g_shailaja-paik_625x300_03_October_24.jpeg?ver-20240615.100"" style=""width: 100%;"" /><div>Shailaja Paik is a distinguished research professor of history at the University of Cincinnati, where she is also an affiliate faculty in Women's, Gender, and Sexuality Studies, and Asian Studies.</div></div>",text/html,,https://rss.app/feeds/P8K5BBCE7t1JWZQ3.xml,"<div><img src=""https://c.ndtvimg.com/2024-10/25s2ku1g_shailaja-paik_625x300_03_October_24.jpeg?ver-20240615.100"" style=""width: 100%;"" /><div>Shailaja Paik is a distinguished research professor of history at the University of Cincinnati, where she is also an affiliate faculty in Women's, Gender, and Sexuality Studies, and Asian Studies.</div></div>",alternate,text/html,https://www.ndtv.com/indians-abroad/shailaja-paik-macarthur-foundation-indian-american-professor-researching-dalit-women-gets-8-00-000-genius-grant-6705861,https://www.ndtv.com/indians-abroad/shailaja-paik-macarthur-foundation-indian-american-professor-researching-dalit-women-gets-8-00-000-genius-grant-6705861,c15e1f289c690615c6f3bf927b6ce480,False,NDTV.com,NDTV.com,NDTV.com,"Thu, 03 Oct 2024 00:00:00 GMT","time.struct_time(tm_year=2024, tm_mon=10, tm_mday=3, tm_hour=0, tm_min=0, tm_sec=0, tm_wday=3, tm_yday=277, tm_isdst=0)",image,https://c.ndtvimg.com/2024-10/25s2ku1g_shailaja-paik_625x300_03_October_24.jpeg?ver-20240615.100,https://rss.app/feeds/P8K5BBCE7t1JWZQ3.xml,Google News,Dalit ,,,,2024-10-04 11:16:56
UP govt to bear Dalit student’s IIT education expenses,text/plain,,https://rss.app/feeds/P8K5BBCE7t1JWZQ3.xml,UP govt to bear Dalit student’s IIT education expenses,"<div><img src=""https://www.hindustantimes.com/ht-img/img/2024/10/02/1600x900/Atul-Kumar--the-son-of-Rajendra-Kumar--a-daily-wag_1727896931801.jpg"" style=""width: 100%;"" /><div>Through the state’s scholarship scheme, the social welfare department will cover his full tuition fees, in addition to other expenses</div></div>",text/html,,https://rss.app/feeds/P8K5BBCE7t1JWZQ3.xml,"<div><img src=""https://www.hindustantimes.com/ht-img/img/2024/10/02/1600x900/Atul-Kumar--the-son-of-Rajendra-Kumar--a-daily-wag_1727896931801.jpg"" style=""width: 100%;"" /><div>Through the state’s scholarship scheme, the social welfare department will cover his full tuition fees, in addition to other expenses</div></div>",alternate,text/html,https://www.hindustantimes.com/cities/lucknow-news/up-govt-to-bear-dalit-student-siit-education-expenses-101727896935921.html,https://www.hindustantimes.com/cities/lucknow-news/up-govt-to-bear-dalit-student-siit-education-expenses-101727896935921.html,a19b5468bf1e5b9e89f1aef4901817bb,False,HT Correspondent,HT Correspondent,HT Correspondent,"Wed, 02 Oct 2024 19:22:15 GMT","time.struct_time(tm_year=2024, tm_mon=10, tm_mday=2, tm_hour=19, tm_min=22, tm_sec=15, tm_wday=2, tm_yday=276, tm_isdst=0)",image,https://www.hindustantimes.com/ht-img/img/2024/10/02/1600x900/Atul-Kumar--the-son-of-Rajendra-Kumar--a-daily-wag_1727896931801.jpg,https://rss.app/feeds/P8K5BBCE7t1JWZQ3.xml,Google News,Dalit ,,,,2024-10-04 11:16:56
"Accused of stalking woman, Dalit man in MP paraded, assaulted",text/plain,,https://rss.app/feeds/P8K5BBCE7t1JWZQ3.xml,"Accused of stalking woman, Dalit man in MP paraded, assaulted","<div><img src=""https://images.indianexpress.com/2024/10/Indian-Express-8.jpg"" style=""width: 100%;"" /><div>The incident, which took place last week in Bhaisodamandi village under the Bhanpura police station’s jurisdiction, came to public attention after a video went viral.</div></div>",text/html,,https://rss.app/feeds/P8K5BBCE7t1JWZQ3.xml,"<div><img src=""https://images.indianexpress.com/2024/10/Indian-Express-8.jpg"" style=""width: 100%;"" /><div>The incident, which took place last week in Bhaisodamandi village under the Bhanpura police station’s jurisdiction, came to public attention after a video went viral.</div></div>",alternate,text/html,https://indianexpress.com/article/india/accused-of-stalking-woman-dalit-man-in-mp-paraded-assaulted-9600655/,https://indianexpress.com/article/india/accused-of-stalking-woman-dalit-man-in-mp-paraded-assaulted-9600655/,70c0a4535d55848e9559e0fd27d511f8,False,The Indian Express,The Indian Express,The Indian Express,"Wed, 02 Oct 2024 17:17:59 GMT","time.struct_time(tm_year=2024, tm_mon=10, tm_mday=2, tm_hour=17, tm_min=17, tm_sec=59, tm_wday=2, tm_yday=276, tm_isdst=0)",image,https://images.indianexpress.com/2024/10/Indian-Express-8.jpg,https://rss.app/feeds/P8K5BBCE7t1JWZQ3.xml,Google News,Dalit ,,,,2024-10-04 11:16:56
"Tragic Shooting in Amethi: Dalit teacher, family murdered after filing FIR over threats",text/plain,None,https://rss.app/feeds/B2SZJnVStF6ULAjJ.xml,"Tragic Shooting in Amethi: Dalit teacher, family murdered after filing FIR over threats","<div><img src=""https://i0.wp.com/cjp.org.in/wp-content/uploads/2024/10/01.jpg?fit=1200%2C628&amp;ssl=1"" style=""width: 100%;"" /><div>In a tragic incident in Amethi, Uttar Pradesh, a Dalit school teacher, his wife, and their two daughters were brutally shot dead at their rented accommodation. This horrific event unfolded on October 2, 2024, just over a month after the family had lodged a First Information Report (FIR) against a man who had threatened them,…</div></div>",text/html,None,https://rss.app/feeds/B2SZJnVStF6ULAjJ.xml,"<div><img src=""https://i0.wp.com/cjp.org.in/wp-content/uploads/2024/10/01.jpg?fit=1200%2C628&amp;ssl=1"" style=""width: 100%;"" /><div>In a tragic incident in Amethi, Uttar Pradesh, a Dalit school teacher, his wife, and their two daughters were brutally shot dead at their rented accommodation. This horrific event unfolded on October 2, 2024, just over a month after the family had lodged a First Information Report (FIR) against a man who had threatened them,…</div></div>",alternate,text/html,https://cjp.org.in/tragic-shooting-in-amethi-dalit-teacher-family-murdered-after-filing-fir-over-threats/,https://cjp.org.in/tragic-shooting-in-amethi-dalit-teacher-family-murdered-after-filing-fir-over-threats/,79a158c7bbb5d96398440a16b18adb0e,False,zahid maniyar,zahid maniyar,zahid maniyar,"Fri, 04 Oct 2024 10:40:56 GMT","time.struct_time(tm_year=2024, tm_mon=10, tm_mday=4, tm_hour=10, tm_min=40, tm_sec=56, tm_wday=4, tm_yday=278, tm_isdst=0)",image,https://i0.wp.com/cjp.org.in/wp-content/uploads/2024/10/01.jpg?fit=1200%2C628&ssl=1,https://rss.app/feeds/B2SZJnVStF6ULAjJ.xml,Google News,Dalit Violence,,,,2024-10-04 11:16:56
"Tragic shooting in Amethi, UP: Dalit teacher and family murdered, investigation reveals family had filed FIR two months ago after facing threats",text/plain,None,https://rss.app/feeds/B2SZJnVStF6ULAjJ.xml,"Tragic shooting in Amethi, UP: Dalit teacher and family murdered, investigation reveals family had filed FIR two months ago after facing threats","<div><img src=""https://sabrangindia.in/wp-content/uploads/2024/10/Amethi-murder.webp"" style=""width: 100%;"" /><div>The shocking incident highlights a troubling rise in violence and lawlessness in Uttar Pradesh, prompting demands for accountability and law-and-order</div></div>",text/html,None,https://rss.app/feeds/B2SZJnVStF6ULAjJ.xml,"<div><img src=""https://sabrangindia.in/wp-content/uploads/2024/10/Amethi-murder.webp"" style=""width: 100%;"" /><div>The shocking incident highlights a troubling rise in violence and lawlessness in Uttar Pradesh, prompting demands for accountability and law-and-order</div></div>",alternate,text/html,https://sabrangindia.in/tragic-shooting-in-amethi-up-dalit-teacher-and-family-murdered-investigation-reveals-family-had-filed-fir-two-months-ago-after-facing-threats/,https://sabrangindia.in/tragic-shooting-in-amethi-up-dalit-teacher-and-family-murdered-investigation-reveals-family-had-filed-fir-two-months-ago-after-facing-threats/,6fd99065dd79ea2ccaea812572517d94,False,SabrangIndia,SabrangIndia,SabrangIndia,"Fri, 04 Oct 2024 10:28:20 GMT","time.struct_time(tm_year=2024, tm_mon=10, tm_mday=4, tm_hour=10, tm_min=28, tm_sec=20, tm_wday=4, tm_yday=278, tm_isdst=0)",image,https://sabrangindia.in/wp-content/uploads/2024/10/Amethi-murder.webp,https://rss.app/feeds/B2SZJnVStF6ULAjJ.xml,Google News,Dalit Violence,,,,2024-10-04 11:16:56
"BJP-ruled states account for highest Dalit violence cases, UP on top, MP records highest reported crimes against STs",text/plain,None,https://rss.app/feeds/B2SZJnVStF6ULAjJ.xml,"BJP-ruled states account for highest Dalit violence cases, UP on top, MP records highest reported crimes against STs","<div><img src=""https://sabrangindia.in/wp-content/uploads/2024/09/dalit-atrocities.jpg"" style=""width: 100%;"" /><div>Uttar Pradesh with 12,287 reported cases, followed by Rajasthan with 8,651 and Madhya Pradesh with 7,732 cases of atrocities against Dalits in year 2022 show a disturbing trend, a report released by the Ministry of Social Justice and Empowerment reveals; Rajasthan was till December 2023 ruled by Ashok Gehlot led Congress</div></div>",text/html,None,https://rss.app/feeds/B2SZJnVStF6ULAjJ.xml,"<div><img src=""https://sabrangindia.in/wp-content/uploads/2024/09/dalit-atrocities.jpg"" style=""width: 100%;"" /><div>Uttar Pradesh with 12,287 reported cases, followed by Rajasthan with 8,651 and Madhya Pradesh with 7,732 cases of atrocities against Dalits in year 2022 show a disturbing trend, a report released by the Ministry of Social Justice and Empowerment reveals; Rajasthan was till December 2023 ruled by Ashok Gehlot led Congress</div></div>",alternate,text/html,https://sabrangindia.in/bjp-ruled-states-account-for-highest-dalit-violence-cases-up-on-top-mp-records-highest-reported-crimes-against-sts/,https://sabrangindia.in/bjp-ruled-states-account-for-highest-dalit-violence-cases-up-on-top-mp-records-highest-reported-crimes-against-sts/,61361ce490ee60fd7b9e498ba02cd00c,False,SabrangIndia,SabrangIndia,SabrangIndia,"Wed, 25 Sep 2024 05:11:15 GMT","time.struct_time(tm_year=2024, tm_mon=9, tm_mday=25, tm_hour=5, tm_min=11, tm_sec=15, tm_wday=2, tm_yday=269, tm_isdst=0)",image,https://sabrangindia.in/wp-content/uploads/2024/09/dalit-atrocities.jpg,https://rss.app/feeds/B2SZJnVStF6ULAjJ.xml,Google News,Dalit Violence,,,,2024-10-04 11:16:56
"UP leads in cases of atrocities against Dalits, Madhya Pradesh tops in most crimes reported against ST’s",text/plain,None,https://rss.app/feeds/B2SZJnVStF6ULAjJ.xml,"UP leads in cases of atrocities against Dalits, Madhya Pradesh tops in most crimes reported against ST’s","<div><img src=""https://i0.wp.com/cjp.org.in/wp-content/uploads/2024/09/UP-leads-in-cases-of-atrocities-against-Dalits-CJP-feature-image.jpg?fit=1200%2C628&amp;ssl=1"" style=""width: 100%;"" /><div>States ruled by the Bharatiya Janata Party (BJP) top in high number of cases registered under the Scheduled Castes and the Scheduled Tribes (Prevention of Atrocities) Act, 1989, (PoA Act) in the year 2022. A union government report published by the Ministry of Social Justice and Empowerment reveals that Uttar Pradesh, reported a staggering 12,287…</div></div>",text/html,None,https://rss.app/feeds/B2SZJnVStF6ULAjJ.xml,"<div><img src=""https://i0.wp.com/cjp.org.in/wp-content/uploads/2024/09/UP-leads-in-cases-of-atrocities-against-Dalits-CJP-feature-image.jpg?fit=1200%2C628&amp;ssl=1"" style=""width: 100%;"" /><div>States ruled by the Bharatiya Janata Party (BJP) top in high number of cases registered under the Scheduled Castes and the Scheduled Tribes (Prevention of Atrocities) Act, 1989, (PoA Act) in the year 2022. A union government report published by the Ministry of Social Justice and Empowerment reveals that Uttar Pradesh, reported a staggering 12,287…</div></div>",alternate,text/html,https://cjp.org.in/up-leads-in-cases-of-atrocities-against-dalits-madhya-pradesh-tops-in-most-crimes-reported-against-sts/,https://cjp.org.in/up-leads-in-cases-of-atrocities-against-dalits-madhya-pradesh-tops-in-most-crimes-reported-against-sts/,eafb264c24b3c2eb911e5f72127ec4f1,False,zahid maniyar,zahid maniyar,zahid maniyar,"Tue, 24 Sep 2024 12:36:09 GMT","time.struct_time(tm_year=2024, tm_mon=9, tm_mday=24, tm_hour=12, tm_min=36, tm_sec=9, tm_wday=1, tm_yday=268, tm_isdst=0)",image,https://i0.wp.com/cjp.org.in/wp-content/uploads/2024/09/UP-leads-in-cases-of-atrocities-against-Dalits-CJP-feature-image.jpg?fit=1200%2C628&ssl=1,https://rss.app/feeds/B2SZJnVStF6ULAjJ.xml,Google News,Dalit Violence,,,,2024-10-04 11:16:56
"U.P., Rajasthan, M.P. top in cases of atrocities on Dalits: report",text/plain,None,https://rss.app/feeds/B2SZJnVStF6ULAjJ.xml,"U.P., Rajasthan, M.P. top in cases of atrocities on Dalits: report","<div><img src=""https://th-i.thgim.com/public/news/cities/Delhi/r25zwv/article32764517.ece/alternates/LANDSCAPE_1200/DE03LEAD"" style=""width: 100%;"" /><div>Uttar Pradesh, Rajasthan and Madhya Pradesh record highest number of anti-Dalit crimes; Madhya Pradesh, Rajasthan and Odisha record highest number of cases of atrocities against STs</div></div>",text/html,None,https://rss.app/feeds/B2SZJnVStF6ULAjJ.xml,"<div><img src=""https://th-i.thgim.com/public/news/cities/Delhi/r25zwv/article32764517.ece/alternates/LANDSCAPE_1200/DE03LEAD"" style=""width: 100%;"" /><div>Uttar Pradesh, Rajasthan and Madhya Pradesh record highest number of anti-Dalit crimes; Madhya Pradesh, Rajasthan and Odisha record highest number of cases of atrocities against STs</div></div>",alternate,text/html,https://www.thehindu.com/news/national/up-rajasthan-mp-top-in-cases-of-atrocities-on-dalits-report/article68670887.ece,https://www.thehindu.com/news/national/up-rajasthan-mp-top-in-cases-of-atrocities-on-dalits-report/article68670887.ece,9e5b308a0674365607f5f8c00864c99b,False,The Hindu,The Hindu,The Hindu,"Sun, 22 Sep 2024 21:36:44 GMT","time.struct_time(tm_year=2024, tm_mon=9, tm_mday=22, tm_hour=21, tm_min=36, tm_sec=44, tm_wday=6, tm_yday=266, tm_isdst=0)",image,https://th-i.thgim.com/public/news/cities/Delhi/r25zwv/article32764517.ece/alternates/LANDSCAPE_1200/DE03LEAD,https://rss.app/feeds/B2SZJnVStF6ULAjJ.xml,Google News,Dalit Violence,,,,2024-10-04 11:16:56
"Nawada: Houses set ablaze in Krishnanagar, oppositions slams NDA Govt for ""atrocities on Dalits""",text/plain,None,https://rss.app/feeds/B2SZJnVStF6ULAjJ.xml,"Nawada: Houses set ablaze in Krishnanagar, oppositions slams NDA Govt for ""atrocities on Dalits""","<div><img src=""https://d3lzcn6mbbadaf.cloudfront.net/media/details/ANI-20240919032712.jpg"" style=""width: 100%;"" /><div>In a shocking incident, 20-25 houses were set ablaze by unidentified miscreants in the Mufassil Police Station area in Krishnanagar in Bihar's Nawada.</div></div>",text/html,None,https://rss.app/feeds/B2SZJnVStF6ULAjJ.xml,"<div><img src=""https://d3lzcn6mbbadaf.cloudfront.net/media/details/ANI-20240919032712.jpg"" style=""width: 100%;"" /><div>In a shocking incident, 20-25 houses were set ablaze by unidentified miscreants in the Mufassil Police Station area in Krishnanagar in Bihar's Nawada.</div></div>",alternate,text/html,https://www.aninews.in/news/national/general-news/nawada-houses-set-ablaze-in-krishnanagar-oppositions-slams-nda-govt-for-atrocities-on-dalits20240919085721/,https://www.aninews.in/news/national/general-news/nawada-houses-set-ablaze-in-krishnanagar-oppositions-slams-nda-govt-for-atrocities-on-dalits20240919085721/,88078bde40d8e09175ceb309007511a1,False,ANI News,ANI News,ANI News,"Thu, 19 Sep 2024 03:27:21 GMT","time.struct_time(tm_year=2024, tm_mon=9, tm_mday=19, tm_hour=3, tm_min=27, tm_sec=21, tm_wday=3, tm_yday=263, tm_isdst=0)",image,https://d3lzcn6mbbadaf.cloudfront.net/media/details/ANI-20240919032712.jpg,https://rss.app/feeds/B2SZJnVStF6ULAjJ.xml,Google News,Dalit Violence,,,,2024-10-04 11:16:56
Caste-Based violence shakes Karnataka and Andhra Pradesh in alarming incidents,text/plain,None,https://rss.app/feeds/B2SZJnVStF6ULAjJ.xml,Caste-Based violence shakes Karnataka and Andhra Pradesh in alarming incidents,"<div><img src=""https://i0.wp.com/cjp.org.in/wp-content/uploads/2024/09/Dalit-1.jpg?fit=1200%2C628&amp;ssl=1"" style=""width: 100%;"" /><div>Background On August 13, a village in North Karnataka’s Yadgir district has announced social boycott on 50 Dalit families after a 15-year-old minor Dalit girl’s parents refused to withdraws a POCSO complaint against a 23-year-old boy belongs to upper caste. The complaint was lodged in August month after a minor girl was allegedly impregnated by…</div></div>",text/html,None,https://rss.app/feeds/B2SZJnVStF6ULAjJ.xml,"<div><img src=""https://i0.wp.com/cjp.org.in/wp-content/uploads/2024/09/Dalit-1.jpg?fit=1200%2C628&amp;ssl=1"" style=""width: 100%;"" /><div>Background On August 13, a village in North Karnataka’s Yadgir district has announced social boycott on 50 Dalit families after a 15-year-old minor Dalit girl’s parents refused to withdraws a POCSO complaint against a 23-year-old boy belongs to upper caste. The complaint was lodged in August month after a minor girl was allegedly impregnated by…</div></div>",alternate,text/html,https://cjp.org.in/caste-based-violence-shakes-karnataka-and-andhra-pradesh-in-alarming-incidents/,https://cjp.org.in/caste-based-violence-shakes-karnataka-and-andhra-pradesh-in-alarming-incidents/,16840f6e1603b00426ee850b0ad31666,False,zahid maniyar,zahid maniyar,zahid maniyar,"Wed, 18 Sep 2024 07:11:15 GMT","time.struct_time(tm_year=2024, tm_mon=9, tm_mday=18, tm_hour=7, tm_min=11, tm_sec=15, tm_wday=2, tm_yday=262, tm_isdst=0)",image,https://i0.wp.com/cjp.org.in/wp-content/uploads/2024/09/Dalit-1.jpg?fit=1200%2C628&ssl=1,https://rss.app/feeds/B2SZJnVStF6ULAjJ.xml,Google News,Dalit Violence,,,,2024-10-04 11:16:56
Targeted Abuse: Dalit youth and scholar face brutal attacks in caste-based violence,text/plain,None,https://rss.app/feeds/B2SZJnVStF6ULAjJ.xml,Targeted Abuse: Dalit youth and scholar face brutal attacks in caste-based violence,"<div><img src=""https://i0.wp.com/cjp.org.in/wp-content/uploads/2024/06/Dalit.jpg?fit=1200%2C628&amp;ssl=1"" style=""width: 100%;"" /><div>In a shocking series of incidents, India’s entrenched caste system has reared its ugly head, targeting Dalit individuals for allegedly practicing Buddhism, pursuing education, and simply attending school. A Dalit youth was attacked and barred from a temple for embracing Buddhism, while a BHU scholar faced vile casteist abuse. In a separate incident, a school…</div></div>",text/html,None,https://rss.app/feeds/B2SZJnVStF6ULAjJ.xml,"<div><img src=""https://i0.wp.com/cjp.org.in/wp-content/uploads/2024/06/Dalit.jpg?fit=1200%2C628&amp;ssl=1"" style=""width: 100%;"" /><div>In a shocking series of incidents, India’s entrenched caste system has reared its ugly head, targeting Dalit individuals for allegedly practicing Buddhism, pursuing education, and simply attending school. A Dalit youth was attacked and barred from a temple for embracing Buddhism, while a BHU scholar faced vile casteist abuse. In a separate incident, a school…</div></div>",alternate,text/html,https://cjp.org.in/targeted-abuse-dalit-youth-and-scholar-face-brutal-attacks-in-caste-based-violence/,https://cjp.org.in/targeted-abuse-dalit-youth-and-scholar-face-brutal-attacks-in-caste-based-violence/,2f81b1555fe18c2b2b5317c86599145e,False,zahid maniyar,zahid maniyar,zahid maniyar,"Wed, 11 Sep 2024 07:59:46 GMT","time.struct_time(tm_year=2024, tm_mon=9, tm_mday=11, tm_hour=7, tm_min=59, tm_sec=46, tm_wday=2, tm_yday=255, tm_isdst=0)",image,https://i0.wp.com/cjp.org.in/wp-content/uploads/2024/06/Dalit.jpg?fit=1200%2C628&ssl=1,https://rss.app/feeds/B2SZJnVStF6ULAjJ.xml,Google News,Dalit Violence,,,,2024-10-04 11:16:56
The invisible cost of violence,text/plain,None,https://rss.app/feeds/B2SZJnVStF6ULAjJ.xml,The invisible cost of violence,"<div><img src=""https://th-i.thgim.com/public/incoming/wookwf/article68611087.ece/alternates/LANDSCAPE_1200/SPOTLIGHT%20BHAGAUTIPUR%20FRRUKHABAD%202024_31_08_2.jpg"" style=""width: 100%;"" /><div>Article discusses tragic deaths of minor Dalit girls in Uttar Pradesh, sparking national outrage and political involvement, with disturbing details.</div></div>",text/html,None,https://rss.app/feeds/B2SZJnVStF6ULAjJ.xml,"<div><img src=""https://th-i.thgim.com/public/incoming/wookwf/article68611087.ece/alternates/LANDSCAPE_1200/SPOTLIGHT%20BHAGAUTIPUR%20FRRUKHABAD%202024_31_08_2.jpg"" style=""width: 100%;"" /><div>Article discusses tragic deaths of minor Dalit girls in Uttar Pradesh, sparking national outrage and political involvement, with disturbing details.</div></div>",alternate,text/html,https://www.thehindu.com/news/national/uttar-pradesh/the-invisible-cost-of-violence/article68611081.ece,https://www.thehindu.com/news/national/uttar-pradesh/the-invisible-cost-of-violence/article68611081.ece,9f482821f1b3cf598e6f677920d5a44a,False,The Hindu,The Hindu,The Hindu,"Sun, 08 Sep 2024 14:19:35 GMT","time.struct_time(tm_year=2024, tm_mon=9, tm_mday=8, tm_hour=14, tm_min=19, tm_sec=35, tm_wday=6, tm_yday=252, tm_isdst=0)",image,https://th-i.thgim.com/public/incoming/wookwf/article68611087.ece/alternates/LANDSCAPE_1200/SPOTLIGHT%20BHAGAUTIPUR%20FRRUKHABAD%202024_31_08_2.jpg,https://rss.app/feeds/B2SZJnVStF6ULAjJ.xml,Google News,Dalit Violence,,,,2024-10-04 11:16:56
The alarming rise of anti-Dalit violence and discrimination in India: A series of gruesome incidents since July 2024,text/plain,None,https://rss.app/feeds/B2SZJnVStF6ULAjJ.xml,The alarming rise of anti-Dalit violence and discrimination in India: A series of gruesome incidents since July 2024,"<div><img src=""https://i0.wp.com/cjp.org.in/wp-content/uploads/2024/09/dalit.jpg?fit=1200%2C628&amp;ssl=1"" style=""width: 100%;"" /><div>India has long struggled with deep-rooted caste-based discrimination that permeates into various aspects of society. Despite constitutional safeguards and legal protections, Dalits in India continue to face systemic violence, discrimination, and social exclusion. Recent incidents across the country highlight a grim reality where Dalit lives are often undervalued, leading to a surge in brutal attacks,…</div></div>",text/html,None,https://rss.app/feeds/B2SZJnVStF6ULAjJ.xml,"<div><img src=""https://i0.wp.com/cjp.org.in/wp-content/uploads/2024/09/dalit.jpg?fit=1200%2C628&amp;ssl=1"" style=""width: 100%;"" /><div>India has long struggled with deep-rooted caste-based discrimination that permeates into various aspects of society. Despite constitutional safeguards and legal protections, Dalits in India continue to face systemic violence, discrimination, and social exclusion. Recent incidents across the country highlight a grim reality where Dalit lives are often undervalued, leading to a surge in brutal attacks,…</div></div>",alternate,text/html,https://cjp.org.in/the-alarming-rise-of-anti-dalit-violence-and-discrimination-in-india-a-series-of-gruesome-incidents-since-july-2024/,https://cjp.org.in/the-alarming-rise-of-anti-dalit-violence-and-discrimination-in-india-a-series-of-gruesome-incidents-since-july-2024/,52d326d62f31dfa2a674f9a3486719c4,False,zahid maniyar,zahid maniyar,zahid maniyar,"Thu, 05 Sep 2024 07:01:47 GMT","time.struct_time(tm_year=2024, tm_mon=9, tm_mday=5, tm_hour=7, tm_min=1, tm_sec=47, tm_wday=3, tm_yday=249, tm_isdst=0)",image,https://i0.wp.com/cjp.org.in/wp-content/uploads/2024/09/dalit.jpg?fit=1200%2C628&ssl=1,https://rss.app/feeds/B2SZJnVStF6ULAjJ.xml,Google News,Dalit Violence,,,,2024-10-04 11:16:56
"‘The violence, to me, seemed scripted against Dalits,’ says Ajaz Ashraf, author of Bhima Koregaon",text/plain,None,https://rss.app/feeds/B2SZJnVStF6ULAjJ.xml,"‘The violence, to me, seemed scripted against Dalits,’ says Ajaz Ashraf, author of Bhima Koregaon","<div><img src=""https://th-i.thgim.com/public/incoming/6r6yc4/article68542225.ece/alternates/LANDSCAPE_1200/Ajaz%20-%20image.jpg"" style=""width: 100%;"" /><div>Different castes remember the violence at Bhima Koregaon on January 1, 2018, and the reasons for it differently</div></div>",text/html,None,https://rss.app/feeds/B2SZJnVStF6ULAjJ.xml,"<div><img src=""https://th-i.thgim.com/public/incoming/6r6yc4/article68542225.ece/alternates/LANDSCAPE_1200/Ajaz%20-%20image.jpg"" style=""width: 100%;"" /><div>Different castes remember the violence at Bhima Koregaon on January 1, 2018, and the reasons for it differently</div></div>",alternate,text/html,https://www.thehindu.com/opinion/interview/caste-violence-bhima-koregaon-dalits-discrimination-religion-people-india/article68542198.ece,https://www.thehindu.com/opinion/interview/caste-violence-bhima-koregaon-dalits-discrimination-religion-people-india/article68542198.ece,c17a870543d166b1a579f31be77b08e5,False,The Hindu,The Hindu,The Hindu,"Fri, 23 Aug 2024 03:33:00 GMT","time.struct_time(tm_year=2024, tm_mon=8, tm_mday=23, tm_hour=3, tm_min=33, tm_sec=0, tm_wday=4, tm_yday=236, tm_isdst=0)",image,https://th-i.thgim.com/public/incoming/6r6yc4/article68542225.ece/alternates/LANDSCAPE_1200/Ajaz%20-%20image.jpg,https://rss.app/feeds/B2SZJnVStF6ULAjJ.xml,Google News,Dalit Violence,,,,2024-10-04 11:16:56
Property of prime accused in Bihar Dalit girl's murder attached,text/plain,None,https://rss.app/feeds/B2SZJnVStF6ULAjJ.xml,Property of prime accused in Bihar Dalit girl's murder attached,"<div><img src=""https://th-i.thgim.com/public/incoming/nesd3f/article68536224.ece/alternates/LANDSCAPE_1200/AFP_36EA3BH.jpg"" style=""width: 100%;"" /><div>Bihar Police attach property of accused in murder of Dalit minor girl</div></div>",text/html,None,https://rss.app/feeds/B2SZJnVStF6ULAjJ.xml,"<div><img src=""https://th-i.thgim.com/public/incoming/nesd3f/article68536224.ece/alternates/LANDSCAPE_1200/AFP_36EA3BH.jpg"" style=""width: 100%;"" /><div>Bihar Police attach property of accused in murder of Dalit minor girl</div></div>",alternate,text/html,https://www.thehindu.com/news/national/bihar/property-of-prime-accused-in-bihar-dalit-girls-murder-attached/article68536143.ece,https://www.thehindu.com/news/national/bihar/property-of-prime-accused-in-bihar-dalit-girls-murder-attached/article68536143.ece,7394dd984fabd1d418656e0ea0b52b56,False,The Hindu,The Hindu,The Hindu,"Sat, 17 Aug 2024 11:17:34 GMT","time.struct_time(tm_year=2024, tm_mon=8, tm_mday=17, tm_hour=11, tm_min=17, tm_sec=34, tm_wday=5, tm_yday=230, tm_isdst=0)",image,https://th-i.thgim.com/public/incoming/nesd3f/article68536224.ece/alternates/LANDSCAPE_1200/AFP_36EA3BH.jpg,https://rss.app/feeds/B2SZJnVStF6ULAjJ.xml,Google News,Dalit Violence,,,,2024-10-04 11:16:56
"Upper caste farmer, son ‘thrash’ Dalit woman in Uttar Pradesh, booked",text/plain,None,https://rss.app/feeds/B2SZJnVStF6ULAjJ.xml,"Upper caste farmer, son ‘thrash’ Dalit woman in Uttar Pradesh, booked","<div><img src=""https://images.indianexpress.com/2024/08/banner-new-3.jpg"" style=""width: 100%;"" /><div>Victim’s husband alleges that he had to make rounds of the police station in the Banda district for several days to get the case registered</div></div>",text/html,None,https://rss.app/feeds/B2SZJnVStF6ULAjJ.xml,"<div><img src=""https://images.indianexpress.com/2024/08/banner-new-3.jpg"" style=""width: 100%;"" /><div>Victim’s husband alleges that he had to make rounds of the police station in the Banda district for several days to get the case registered</div></div>",alternate,text/html,https://indianexpress.com/article/cities/lucknow/uttar-pradesh-upper-caste-farmer-thrash-dalit-woman-booked-9509494/,https://indianexpress.com/article/cities/lucknow/uttar-pradesh-upper-caste-farmer-thrash-dalit-woman-booked-9509494/,a8691d9f764fc0912b974b3f995cc5cf,False,Manish Sahu,Manish Sahu,Manish Sahu,"Mon, 12 Aug 2024 09:46:42 GMT","time.struct_time(tm_year=2024, tm_mon=8, tm_mday=12, tm_hour=9, tm_min=46, tm_sec=42, tm_wday=0, tm_yday=225, tm_isdst=0)",image,https://images.indianexpress.com/2024/08/banner-new-3.jpg,https://rss.app/feeds/B2SZJnVStF6ULAjJ.xml,Google News,Dalit Violence,,,,2024-10-04 11:16:56
Dalit’s hand severed following argument near Bengaluru,text/plain,None,https://rss.app/feeds/B2SZJnVStF6ULAjJ.xml,Dalit’s hand severed following argument near Bengaluru,"<div><img src=""https://th-i.thgim.com/public/incoming/cpqzrd/article68436650.ece/alternates/LANDSCAPE_1200/Kanakapura_City_03.jpg"" style=""width: 100%;"" /><div>The police deployed additional forces to prevent any further violence. Senior police officials visited the hospital and spoke to the victims.</div></div>",text/html,None,https://rss.app/feeds/B2SZJnVStF6ULAjJ.xml,"<div><img src=""https://th-i.thgim.com/public/incoming/cpqzrd/article68436650.ece/alternates/LANDSCAPE_1200/Kanakapura_City_03.jpg"" style=""width: 100%;"" /><div>The police deployed additional forces to prevent any further violence. Senior police officials visited the hospital and spoke to the victims.</div></div>",alternate,text/html,https://www.thehindu.com/news/cities/bangalore/dalits-hand-severed-following-an-argument-in-kanakapura-near-bengaluru/article68436168.ece,https://www.thehindu.com/news/cities/bangalore/dalits-hand-severed-following-an-argument-in-kanakapura-near-bengaluru/article68436168.ece,7109f77d4300bad54f3fcf1786973024,False,The Hindu,The Hindu,The Hindu,"Tue, 23 Jul 2024 11:09:04 GMT","time.struct_time(tm_year=2024, tm_mon=7, tm_mday=23, tm_hour=11, tm_min=9, tm_sec=4, tm_wday=1, tm_yday=205, tm_isdst=0)",image,https://th-i.thgim.com/public/incoming/cpqzrd/article68436650.ece/alternates/LANDSCAPE_1200/Kanakapura_City_03.jpg,https://rss.app/feeds/B2SZJnVStF6ULAjJ.xml,Google News,Dalit Violence,,,,2024-10-04 11:16:56
"12 years on, Dalit Survivors of Andhra Pradesh's Laxmipeta Massacre Await Justice",text/plain,None,https://rss.app/feeds/B2SZJnVStF6ULAjJ.xml,"12 years on, Dalit Survivors of Andhra Pradesh's Laxmipeta Massacre Await Justice","<div><img src=""https://mcmscache.epapr.in/post_images/website_350/post_42888375/full.png"" style=""width: 100%;"" /><div>The bloody incident claimed the lives of five Dalit men and left over 40 people severely injured. The scale of violence unleashed in Laxmipeta was on par with Karamchedu (1985) and Tsunduru (1991) caste atrocities, which rocked the then undivided Andhra Pradesh.</div></div>",text/html,None,https://rss.app/feeds/B2SZJnVStF6ULAjJ.xml,"<div><img src=""https://mcmscache.epapr.in/post_images/website_350/post_42888375/full.png"" style=""width: 100%;"" /><div>The bloody incident claimed the lives of five Dalit men and left over 40 people severely injured. The scale of violence unleashed in Laxmipeta was on par with Karamchedu (1985) and Tsunduru (1991) caste atrocities, which rocked the then undivided Andhra Pradesh.</div></div>",alternate,text/html,https://m.thewire.in/article/caste/12-years-on-dalit-survivors-of-andhra-pradeshs-laxmipeta-massacre-await-justice,https://m.thewire.in/article/caste/12-years-on-dalit-survivors-of-andhra-pradeshs-laxmipeta-massacre-await-justice,4392afb34e31983cf251fa68191e0233,False,Suman Damera,Suman Damera,Suman Damera,"Thu, 13 Jun 2024 14:26:52 GMT","time.struct_time(tm_year=2024, tm_mon=6, tm_mday=13, tm_hour=14, tm_min=26, tm_sec=52, tm_wday=3, tm_yday=165, tm_isdst=0)",image,https://mcmscache.epapr.in/post_images/website_350/post_42888375/full.png,https://rss.app/feeds/B2SZJnVStF6ULAjJ.xml,Google News,Dalit Violence,,,,2024-10-04 11:16:56
Atrocities against Dalits: Rising violence against marginalised community ignored,text/plain,None,https://rss.app/feeds/B2SZJnVStF6ULAjJ.xml,Atrocities against Dalits: Rising violence against marginalised community ignored,"<div><img src=""https://i0.wp.com/cjp.org.in/wp-content/uploads/2024/06/Dalit.jpg?fit=1200%2C628&amp;ssl=1"" style=""width: 100%;"" /><div>Sabrang India and CJP is tracking hate against Dalits and other communities taking place in the country. The following incidents pertaining to violence against Dalits have been compiled from June 1st to June 12th.  Mainpuri, Uttar Pradesh A Dalit youth in Mainpuri, while working on his own land, was attacked by a group of men.…</div></div>",text/html,None,https://rss.app/feeds/B2SZJnVStF6ULAjJ.xml,"<div><img src=""https://i0.wp.com/cjp.org.in/wp-content/uploads/2024/06/Dalit.jpg?fit=1200%2C628&amp;ssl=1"" style=""width: 100%;"" /><div>Sabrang India and CJP is tracking hate against Dalits and other communities taking place in the country. The following incidents pertaining to violence against Dalits have been compiled from June 1st to June 12th.  Mainpuri, Uttar Pradesh A Dalit youth in Mainpuri, while working on his own land, was attacked by a group of men.…</div></div>",alternate,text/html,https://cjp.org.in/atrocities-against-dalits-rising-violence-against-marginalised-community-ignored/,https://cjp.org.in/atrocities-against-dalits-rising-violence-against-marginalised-community-ignored/,f6a88388863e14aeb5ede8fef6c76080,False,zahid maniyar,zahid maniyar,zahid maniyar,"Wed, 12 Jun 2024 13:44:13 GMT","time.struct_time(tm_year=2024, tm_mon=6, tm_mday=12, tm_hour=13, tm_min=44, tm_sec=13, tm_wday=2, tm_yday=164, tm_isdst=0)",image,https://i0.wp.com/cjp.org.in/wp-content/uploads/2024/06/Dalit.jpg?fit=1200%2C628&ssl=1,https://rss.app/feeds/B2SZJnVStF6ULAjJ.xml,Google News,Dalit Violence,,,,2024-10-04 11:16:56
"Elderly Dalit couple ‘tied to pole, beaten, garlanded with shoes’ in Madhya Pradesh village",text/plain,None,https://rss.app/feeds/B2SZJnVStF6ULAjJ.xml,"Elderly Dalit couple ‘tied to pole, beaten, garlanded with shoes’ in Madhya Pradesh village","<div><img src=""https://images.indianexpress.com/2024/05/banner-new-3.jpg"" style=""width: 100%;"" /><div>Sub-divisional police officer (Mungaoli) Sanam B Khan told The Indian Express, “The couple’s son was involved in a molestation incident a few months ago and a case was registered against him. The woman’s family members were angry over the incident and assaulted the couple.""</div></div>",text/html,None,https://rss.app/feeds/B2SZJnVStF6ULAjJ.xml,"<div><img src=""https://images.indianexpress.com/2024/05/banner-new-3.jpg"" style=""width: 100%;"" /><div>Sub-divisional police officer (Mungaoli) Sanam B Khan told The Indian Express, “The couple’s son was involved in a molestation incident a few months ago and a case was registered against him. The woman’s family members were angry over the incident and assaulted the couple.""</div></div>",alternate,text/html,https://indianexpress.com/article/india/madhya-pradesh-elderly-dalit-couple-beaten-garlanded-shoes-9339043/,https://indianexpress.com/article/india/madhya-pradesh-elderly-dalit-couple-beaten-garlanded-shoes-9339043/,b7c4de84c4d528336d894bef3e9d2340,False,Anand Mohan J,Anand Mohan J,Anand Mohan J,"Sun, 19 May 2024 14:22:53 GMT","time.struct_time(tm_year=2024, tm_mon=5, tm_mday=19, tm_hour=14, tm_min=22, tm_sec=53, tm_wday=6, tm_yday=140, tm_isdst=0)",image,https://images.indianexpress.com/2024/05/banner-new-3.jpg,https://rss.app/feeds/B2SZJnVStF6ULAjJ.xml,Google News,Dalit Violence,,,,2024-10-04 11:16:56
Dalits demand filing of appeal against Kumher massacre acquittal judgment,text/plain,None,https://rss.app/feeds/B2SZJnVStF6ULAjJ.xml,Dalits demand filing of appeal against Kumher massacre acquittal judgment,"<div><img src=""https://th-i.thgim.com/public/news/national/yq0qfp/article68122549.ece/alternates/LANDSCAPE_1200/image-17.jpeg"" style=""width: 100%;"" /><div>Dalit groups in Rajasthan demand appeal against acquittal of 41 persons in Kumher massacre of 1992.</div></div>",text/html,None,https://rss.app/feeds/B2SZJnVStF6ULAjJ.xml,"<div><img src=""https://th-i.thgim.com/public/news/national/yq0qfp/article68122549.ece/alternates/LANDSCAPE_1200/image-17.jpeg"" style=""width: 100%;"" /><div>Dalit groups in Rajasthan demand appeal against acquittal of 41 persons in Kumher massacre of 1992.</div></div>",alternate,text/html,https://www.thehindu.com/news/national/rajasthan/dalits-demand-filing-of-appeal-against-kumher-massacre-acquittal-judgment/article68121875.ece,https://www.thehindu.com/news/national/rajasthan/dalits-demand-filing-of-appeal-against-kumher-massacre-acquittal-judgment/article68121875.ece,2ddfb476848d06eea5177159ccd6e2b5,False,The Hindu,The Hindu,The Hindu,"Mon, 29 Apr 2024 18:23:00 GMT","time.struct_time(tm_year=2024, tm_mon=4, tm_mday=29, tm_hour=18, tm_min=23, tm_sec=0, tm_wday=0, tm_yday=120, tm_isdst=0)",image,https://th-i.thgim.com/public/news/national/yq0qfp/article68122549.ece/alternates/LANDSCAPE_1200/image-17.jpeg,https://rss.app/feeds/B2SZJnVStF6ULAjJ.xml,Google News,Dalit Violence,,,,2024-10-04 11:16:56
Dalit Tragedies: The Hidden Horrors of Caste Violence,text/plain,None,https://rss.app/feeds/B2SZJnVStF6ULAjJ.xml,Dalit Tragedies: The Hidden Horrors of Caste Violence,"<div><img src=""https://img-cdn.thepublive.com/fit-in/1200x675/theprobe/media/media_files/aqPKC3wgCqePBXSltyje.jpg"" style=""width: 100%;"" /><div>This story explores the reality of Dalit atrocities, uncovering stories of discrimination, assault, and murder. As these incidents continue, the government, tasked with upholding the law, is evidently unresponsive. (Human Rights | Public Interest)</div></div>",text/html,None,https://rss.app/feeds/B2SZJnVStF6ULAjJ.xml,"<div><img src=""https://img-cdn.thepublive.com/fit-in/1200x675/theprobe/media/media_files/aqPKC3wgCqePBXSltyje.jpg"" style=""width: 100%;"" /><div>This story explores the reality of Dalit atrocities, uncovering stories of discrimination, assault, and murder. As these incidents continue, the government, tasked with upholding the law, is evidently unresponsive. (Human Rights | Public Interest)</div></div>",alternate,text/html,https://theprobe.in/human-rights/dalit-tragedies-the-hidden-horrors-of-caste-violence-4522052,https://theprobe.in/human-rights/dalit-tragedies-the-hidden-horrors-of-caste-violence-4522052,9cb1d384f919e8b43994f48f176f28e5,False,Durgesh Kumar Jha,Durgesh Kumar Jha,Durgesh Kumar Jha,"Sat, 27 Apr 2024 15:52:01 GMT","time.struct_time(tm_year=2024, tm_mon=4, tm_mday=27, tm_hour=15, tm_min=52, tm_sec=1, tm_wday=5, tm_yday=118, tm_isdst=0)",image,https://img-cdn.thepublive.com/fit-in/1200x675/theprobe/media/media_files/aqPKC3wgCqePBXSltyje.jpg,https://rss.app/feeds/B2SZJnVStF6ULAjJ.xml,Google News,Dalit Violence,,,,2024-10-04 11:16:56
Persisting Dalit violence casts shadow over India as polling starts,text/plain,None,https://rss.app/feeds/B2SZJnVStF6ULAjJ.xml,Persisting Dalit violence casts shadow over India as polling starts,"<div><img src=""https://i0.wp.com/cjp.org.in/wp-content/uploads/2024/04/Dalits.jpg?fit=1200%2C628&amp;ssl=1"" style=""width: 100%;"" /><div>The following incidents occurred between March to April 24 across Rajasthan and Uttar Pradesh, two neighbouring states. One of these includes a brutal incident where a small child was beaten and abused for merely accidentally touching an upper caste man’s bucket while drinking water. Equally horrifying is an incident, where a magistrate allegedly tried to…</div></div>",text/html,None,https://rss.app/feeds/B2SZJnVStF6ULAjJ.xml,"<div><img src=""https://i0.wp.com/cjp.org.in/wp-content/uploads/2024/04/Dalits.jpg?fit=1200%2C628&amp;ssl=1"" style=""width: 100%;"" /><div>The following incidents occurred between March to April 24 across Rajasthan and Uttar Pradesh, two neighbouring states. One of these includes a brutal incident where a small child was beaten and abused for merely accidentally touching an upper caste man’s bucket while drinking water. Equally horrifying is an incident, where a magistrate allegedly tried to…</div></div>",alternate,text/html,https://cjp.org.in/persisting-dalit-violence-casts-shadow-over-india-as-polling-starts/,https://cjp.org.in/persisting-dalit-violence-casts-shadow-over-india-as-polling-starts/,d49d753c65fc98d995c8569719deef03,False,zahid maniyar,zahid maniyar,zahid maniyar,"Wed, 24 Apr 2024 09:56:03 GMT","time.struct_time(tm_year=2024, tm_mon=4, tm_mday=24, tm_hour=9, tm_min=56, tm_sec=3, tm_wday=2, tm_yday=115, tm_isdst=0)",image,https://i0.wp.com/cjp.org.in/wp-content/uploads/2024/04/Dalits.jpg?fit=1200%2C628&ssl=1,https://rss.app/feeds/B2SZJnVStF6ULAjJ.xml,Google News,Dalit Violence,,,,2024-10-04 11:16:56
TN: Caste violence makes this village’s Dalit residents demand separate polling booth,text/plain,None,https://rss.app/feeds/B2SZJnVStF6ULAjJ.xml,TN: Caste violence makes this village’s Dalit residents demand separate polling booth,"<div><img src=""https://media.assettype.com/thenewsminute%2F2024-04%2F119d0947-f4e0-4934-bd7e-b2c226998b8a%2FScreenshot_20240405_183024_Gallery.jpg?w=1200&amp;ar=40%3A21&amp;auto=format%2Ccompress&amp;ogImage=true&amp;mode=crop&amp;enlarge=true&amp;overlay=false&amp;overlay_position=bottom&amp;overlay_width=100"" style=""width: 100%;"" /><div>Around 500 Dalit residents living in Melpathi village in Tamil Nadu’s Villupuram district have demanded a separate polling booth saying that they were scared to</div></div>",text/html,None,https://rss.app/feeds/B2SZJnVStF6ULAjJ.xml,"<div><img src=""https://media.assettype.com/thenewsminute%2F2024-04%2F119d0947-f4e0-4934-bd7e-b2c226998b8a%2FScreenshot_20240405_183024_Gallery.jpg?w=1200&amp;ar=40%3A21&amp;auto=format%2Ccompress&amp;ogImage=true&amp;mode=crop&amp;enlarge=true&amp;overlay=false&amp;overlay_position=bottom&amp;overlay_width=100"" style=""width: 100%;"" /><div>Around 500 Dalit residents living in Melpathi village in Tamil Nadu’s Villupuram district have demanded a separate polling booth saying that they were scared to</div></div>",alternate,text/html,https://www.thenewsminute.com/tamil-nadu/tn-caste-violence-makes-this-villages-dalit-residents-demand-separate-polling-booth,https://www.thenewsminute.com/tamil-nadu/tn-caste-violence-makes-this-villages-dalit-residents-demand-separate-polling-booth,5ff7192648685c3a7ab607b8810a871e,False,"Azeefa Fathima,Nandini Chandrashekar","Azeefa Fathima,Nandini Chandrashekar","Azeefa Fathima,Nandini Chandrashekar","Fri, 05 Apr 2024 14:25:22 GMT","time.struct_time(tm_year=2024, tm_mon=4, tm_mday=5, tm_hour=14, tm_min=25, tm_sec=22, tm_wday=4, tm_yday=96, tm_isdst=0)",image,https://media.assettype.com/thenewsminute%2F2024-04%2F119d0947-f4e0-4934-bd7e-b2c226998b8a%2FScreenshot_20240405_183024_Gallery.jpg?w=1200&ar=40%3A21&auto=format%2Ccompress&ogImage=true&mode=crop&enlarge=true&overlay=false&overlay_position=bottom&overlay_width=100,https://rss.app/feeds/B2SZJnVStF6ULAjJ.xml,Google News,Dalit Violence,,,,2024-10-04 11:16:56
"Recent surge in anti-Dalit violence: Three attacks, two against minors, one against elderly woman",text/plain,None,https://rss.app/feeds/B2SZJnVStF6ULAjJ.xml,"Recent surge in anti-Dalit violence: Three attacks, two against minors, one against elderly woman","<div><img src=""https://i0.wp.com/cjp.org.in/wp-content/uploads/2024/04/Dalit.jpg?fit=1200%2C628&amp;ssl=1"" style=""width: 100%;"" /><div>Three concerning incidents of violence against Dalits have been reported in the past few days from the state of Uttar Pradesh, a state with a poor record of containing crimes against the marginalised. In two of these incidents, Dalit students were the victims while in the third incident, an elderly Dalit woman had to suffer…</div></div>",text/html,None,https://rss.app/feeds/B2SZJnVStF6ULAjJ.xml,"<div><img src=""https://i0.wp.com/cjp.org.in/wp-content/uploads/2024/04/Dalit.jpg?fit=1200%2C628&amp;ssl=1"" style=""width: 100%;"" /><div>Three concerning incidents of violence against Dalits have been reported in the past few days from the state of Uttar Pradesh, a state with a poor record of containing crimes against the marginalised. In two of these incidents, Dalit students were the victims while in the third incident, an elderly Dalit woman had to suffer…</div></div>",alternate,text/html,https://cjp.org.in/recent-surge-in-anti-dalit-violence-three-attacks-two-against-minors-one-against-elderly-woman/,https://cjp.org.in/recent-surge-in-anti-dalit-violence-three-attacks-two-against-minors-one-against-elderly-woman/,d862205d0f9ebbacff9b0dcaf33827f8,False,zahid maniyar,zahid maniyar,zahid maniyar,"Wed, 03 Apr 2024 14:01:19 GMT","time.struct_time(tm_year=2024, tm_mon=4, tm_mday=3, tm_hour=14, tm_min=1, tm_sec=19, tm_wday=2, tm_yday=94, tm_isdst=0)",image,https://i0.wp.com/cjp.org.in/wp-content/uploads/2024/04/Dalit.jpg?fit=1200%2C628&ssl=1,https://rss.app/feeds/B2SZJnVStF6ULAjJ.xml,Google News,Dalit Violence,,,,2024-10-04 11:16:56
January 2024: Harrowing incidents of violence against Dalit women,text/plain,None,https://rss.app/feeds/B2SZJnVStF6ULAjJ.xml,January 2024: Harrowing incidents of violence against Dalit women,"<div><img src=""https://i0.wp.com/cjp.org.in/wp-content/uploads/2024/01/violence-against-Dalit-women-CJP-feature-image.jpg?fit=1200%2C628&amp;ssl=1"" style=""width: 100%;"" /><div>Statistics from National Crime Records Bureau (NCRB) reveal a disturbing surge of 45 percent in reported cases of rapes against Dalit women from 2015 to 2020. Furthermore, data reveals an alarming number of 10 incidents of rape against Dalit women and girls are reported daily in India. Thus, despite constitutional safeguards deep-rooted discrimination and violence…</div></div>",text/html,None,https://rss.app/feeds/B2SZJnVStF6ULAjJ.xml,"<div><img src=""https://i0.wp.com/cjp.org.in/wp-content/uploads/2024/01/violence-against-Dalit-women-CJP-feature-image.jpg?fit=1200%2C628&amp;ssl=1"" style=""width: 100%;"" /><div>Statistics from National Crime Records Bureau (NCRB) reveal a disturbing surge of 45 percent in reported cases of rapes against Dalit women from 2015 to 2020. Furthermore, data reveals an alarming number of 10 incidents of rape against Dalit women and girls are reported daily in India. Thus, despite constitutional safeguards deep-rooted discrimination and violence…</div></div>",alternate,text/html,https://cjp.org.in/january-2024-harrowing-incidents-of-violence-against-dalit-women/,https://cjp.org.in/january-2024-harrowing-incidents-of-violence-against-dalit-women/,1e549968c0c9f128de7fe90862f51a3b,False,zahid maniyar,zahid maniyar,zahid maniyar,"Tue, 23 Jan 2024 08:25:08 GMT","time.struct_time(tm_year=2024, tm_mon=1, tm_mday=23, tm_hour=8, tm_min=25, tm_sec=8, tm_wday=1, tm_yday=23, tm_isdst=0)",image,https://i0.wp.com/cjp.org.in/wp-content/uploads/2024/01/violence-against-Dalit-women-CJP-feature-image.jpg?fit=1200%2C628&ssl=1,https://rss.app/feeds/B2SZJnVStF6ULAjJ.xml,Google News,Dalit Violence,,,,2024-10-04 11:16:56
Rising tide of atrocities against Dalits,text/plain,None,https://rss.app/feeds/B2SZJnVStF6ULAjJ.xml,Rising tide of atrocities against Dalits,"<div><img src=""https://images.deccanherald.com/deccanherald%2F2024-01%2F8dc1f809-e7a3-4323-b70b-9bd77bf137ce%2Ffile6zjudue32nn1kyzf4oud.jpg?rect=0%2C45%2C1200%2C630&amp;w=1200&amp;ar=40%3A21&amp;auto=format%2Ccompress&amp;ogImage=true&amp;mode=crop"" style=""width: 100%;"" /></div>",text/html,None,https://rss.app/feeds/B2SZJnVStF6ULAjJ.xml,"<div><img src=""https://images.deccanherald.com/deccanherald%2F2024-01%2F8dc1f809-e7a3-4323-b70b-9bd77bf137ce%2Ffile6zjudue32nn1kyzf4oud.jpg?rect=0%2C45%2C1200%2C630&amp;w=1200&amp;ar=40%3A21&amp;auto=format%2Ccompress&amp;ogImage=true&amp;mode=crop"" style=""width: 100%;"" /></div>",alternate,text/html,https://www.deccanherald.com/opinion/rising-tide-of-atrocities-against-dalits-2850523,https://www.deccanherald.com/opinion/rising-tide-of-atrocities-against-dalits-2850523,d2fe25d22b215889f2855a8e9d44893c,False,Rehnamol Raveendran,Rehnamol Raveendran,Rehnamol Raveendran,"Tue, 16 Jan 2024 05:56:27 GMT","time.struct_time(tm_year=2024, tm_mon=1, tm_mday=16, tm_hour=5, tm_min=56, tm_sec=27, tm_wday=1, tm_yday=16, tm_isdst=0)",image,https://images.deccanherald.com/deccanherald%2F2024-01%2F8dc1f809-e7a3-4323-b70b-9bd77bf137ce%2Ffile6zjudue32nn1kyzf4oud.jpg?rect=0%2C45%2C1200%2C630&w=1200&ar=40%3A21&auto=format%2Ccompress&ogImage=true&mode=crop,https://rss.app/feeds/B2SZJnVStF6ULAjJ.xml,Google News,Dalit Violence,,,,2024-10-04 11:16:56
