title,title_detail,links,link,id,guidislink,summary,summary_detail,published,published_parsed,media_content,Name,Section,Language,Twitter_URL,FB_URL,Fetched_At
हिमाचल CM सुक्खू ने खड़गे से की मुलाकात:बोर्ड-निगमों में ताजपोशी को लेकर चर्चा; मल्लिकार्जुन ने मस्जिद विवाद जल्द शांत करने को कहा,"{'type': 'text/plain', 'language': None, 'base': 'https://www.bhaskar.com/rss-v1--category-12084.xml', 'value': 'हिमाचल CM सुक्खू ने खड़गे से की मुलाकात:बोर्ड-निगमों में ताजपोशी को लेकर चर्चा; मल्लिकार्जुन ने मस्जिद विवाद जल्द शांत करने को कहा'}","[{'rel': 'alternate', 'type': 'text/html', 'href': 'https://www.bhaskar.com/local/himachal/shimla/news/himachal-cm-sukhwinder-singh-sukhu-met-national-congress-president-mallikarjun-kharge-delhi-shimla-kc-venugopal-rajeev-shukla-133748952.html'}, {'href': 'https://www.bhaskar.com/local/himachal/shimla/news/himachal-cm-sukhwinder-singh-sukhu-met-national-congress-president-mallikarjun-kharge-delhi-shimla-kc-venugopal-rajeev-shukla-133748952.html', 'rel': 'alternate', 'type': 'text/html'}]",https://www.bhaskar.com/local/himachal/shimla/news/himachal-cm-sukhwinder-singh-sukhu-met-national-congress-president-mallikarjun-kharge-delhi-shimla-kc-venugopal-rajeev-shukla-133748952.html,https://www.bhaskar.com/local/himachal/shimla/news/himachal-cm-sukhwinder-singh-sukhu-met-national-congress-president-mallikarjun-kharge-delhi-shimla-kc-venugopal-rajeev-shukla-133748952.html,False,"हिमाचल प्रदेश के मुख्यमंत्री सुखविंदर सिंह सुक्खू ने आज दिल्ली में कांग्रेस के राष्ट्रीय अध्यक्ष मल्लिकार्जुन खड़गे से मुलाकात की। इस दौरान हिमाचल सरकार और कांग्रेस संगठन को लेकर चर्चा हुई। सूत्रों की माने तो इस दौरान बोर्ड निगमों में ताजपोशी को लेकर भी चर्चा हुई है। लिहाजा दिल्ली से लौटने के बाद मुख्यमंत्री सुक्खू बोर्ड निगमों में ताजपोशी कर सकते हैं, क्योंकि कई बोर्ड निगमों में अभी ताजपोशी होनी है। कैबिनेट में भी अभी एक पद खाली पड़ा है। सूत्रों का कहना हैं कि खड़गे ने बीते दिनों मस्जिद मामले में मंत्री अनिरुद्ध सिंह के बयान और दुकानों में आई कार्ड को लेकर विक्रमादित्य सिंह के बयान को लेकर भी सीएम सुक्खू से चर्चा की। बताया जा रहा है कि मल्लिकार्जुन खड़ने ने मस्जिद विवाद को जल्द शांत करने को कहा है। केसी वेणुगोपाल से भी मिले मल्लिकार्जुन खड़गे के बाद सीएम सुक्खू ने कांग्रेस के राष्ट्रीय महासचिव केसी वेणुगोपाल से भी मुलाकात की। उनके साथ भी इन सब मसलों को लेकर चर्चा की। देर शाम तक हिमाचल कांग्रेस प्रभारी राजीव शुक्ला से भी मुलाकात की योजना है। 3 दिन से प्रदेश से बाहर हैं सीएम बता दें कि हिमाचल सीएम 3 दिनों से दिल्ली में है। बीते बुधवार और गुरुवार को उन्होंने हरियाणा विधानसभा में चुनाव प्रचार किया। आज उन्होंने कांग्रेस के राष्ट्रीय नेताओं से मुलाकात की। शनिवार को वह वापस शिमला लौट सकते हैं। हालांकि अभी आधिकारिक तौर पर उनका वापसी का प्रोग्राम नहीं आया।","{'type': 'text/html', 'language': None, 'base': 'https://www.bhaskar.com/rss-v1--category-12084.xml', 'value': 'हिमाचल प्रदेश के मुख्यमंत्री सुखविंदर सिंह सुक्खू ने आज दिल्ली में कांग्रेस के राष्ट्रीय अध्यक्ष मल्लिकार्जुन खड़गे से मुलाकात की। इस दौरान हिमाचल सरकार और कांग्रेस संगठन को लेकर चर्चा हुई। सूत्रों की माने तो इस दौरान बोर्ड निगमों में ताजपोशी को लेकर भी चर्चा हुई है। लिहाजा दिल्ली से लौटने के बाद मुख्यमंत्री सुक्खू बोर्ड निगमों में ताजपोशी कर सकते हैं, क्योंकि कई बोर्ड निगमों में अभी ताजपोशी होनी है। कैबिनेट में भी अभी एक पद खाली पड़ा है। सूत्रों का कहना हैं कि खड़गे ने बीते दिनों मस्जिद मामले में मंत्री अनिरुद्ध सिंह के बयान और दुकानों में आई कार्ड को लेकर विक्रमादित्य सिंह के बयान को लेकर भी सीएम सुक्खू से चर्चा की। बताया जा रहा है कि मल्लिकार्जुन खड़ने ने मस्जिद विवाद को जल्द शांत करने को कहा है। केसी वेणुगोपाल से भी मिले मल्लिकार्जुन खड़गे के बाद सीएम सुक्खू ने कांग्रेस के राष्ट्रीय महासचिव केसी वेणुगोपाल से भी मुलाकात की। उनके साथ भी इन सब मसलों को लेकर चर्चा की। देर शाम तक हिमाचल कांग्रेस प्रभारी राजीव शुक्ला से भी मुलाकात की योजना है। 3 दिन से प्रदेश से बाहर हैं सीएम बता दें कि हिमाचल सीएम 3 दिनों से दिल्ली में है। बीते बुधवार और गुरुवार को उन्होंने हरियाणा विधानसभा में चुनाव प्रचार किया। आज उन्होंने कांग्रेस के राष्ट्रीय नेताओं से मुलाकात की। शनिवार को वह वापस शिमला लौट सकते हैं। हालांकि अभी आधिकारिक तौर पर उनका वापसी का प्रोग्राम नहीं आया।'}","Fri, 04 Oct 2024 13:22:28 +0000","time.struct_time(tm_year=2024, tm_mon=10, tm_mday=4, tm_hour=13, tm_min=22, tm_sec=28, tm_wday=4, tm_yday=278, tm_isdst=0)","[{'url': 'https://images.bhaskarassets.com/thumb/1000x1000/web2images/521/2024/10/04/4621040975515692172577348278528460525223639n_1728047498.jpg', 'type': 'image/jpeg', 'width': '1000', 'height': '1000'}]",Dainik Bhaskar,Himachal,,,,2024-10-04 11:13:12.741430
"विक्रमादित्य का सांसद कंगना पर निशाना:बोले-इमरजेंसी वाली एक्ट्रेस भी हिमाचल के लिए प्रोजेक्ट लाए, गडकरी ने 5 प्रोजेक्ट को 293 करोड़ दिए","{'type': 'text/plain', 'language': None, 'base': 'https://www.bhaskar.com/rss-v1--category-12084.xml', 'value': 'विक्रमादित्य का सांसद कंगना पर निशाना:बोले-इमरजेंसी वाली एक्ट्रेस भी हिमाचल के लिए प्रोजेक्ट लाए, गडकरी ने 5 प्रोजेक्ट को 293 करोड़ दिए'}","[{'rel': 'alternate', 'type': 'text/html', 'href': 'https://www.bhaskar.com/local/himachal/shimla/news/vikramaditya-singh-vs-kanaga-ranaut-mandi-himachal-nitin-gadkri-133748877.html'}, {'href': 'https://www.bhaskar.com/local/himachal/shimla/news/vikramaditya-singh-vs-kanaga-ranaut-mandi-himachal-nitin-gadkri-133748877.html', 'rel': 'alternate', 'type': 'text/html'}]",https://www.bhaskar.com/local/himachal/shimla/news/vikramaditya-singh-vs-kanaga-ranaut-mandi-himachal-nitin-gadkri-133748877.html,https://www.bhaskar.com/local/himachal/shimla/news/vikramaditya-singh-vs-kanaga-ranaut-mandi-himachal-nitin-gadkri-133748877.html,False,"हिमाचल के PWD मंत्री विक्रमादित्य सिंह ने सांसद कंगना रनोट पर तंज कसते हुए निशाना साधा। विक्रमादित्य ने कहा, इमरजेंसी वाली एक्ट्रेस, जो माननीय सांसद हैं, उन्हें भी हिमाचल प्रदेश के लिए 2-4 प्रोजेक्ट लाने चाहिए। हिमाचल के विकास में सभी का योगदान होना चाहिए। हिमाचल का विकास सबका सामूहिक दायित्व है। यह बात उन्होंने केंद्रीय सड़क एवं परिवहन मंत्रालय द्वारा मंजूर किए पांच बड़े सड़क प्रोजेक्ट की जानकारी देते हुए मीडिया से बातचीत के दौरान शिमला में कही। टिक्कर-जरोल-खमाड़ी सड़क को मिले 54.87 करोड़ विक्रमादित्य सिंह ने कहा कि हिमाचल को 293.36 करोड़ रुपए के 5 प्रोजेक्ट मिले हैं। इनमें 2 हमीरपुर, 1-1 प्रोजेक्ट शिमला, कांगड़ा और मंडी को मिला हैं। उन्होंने कहा, टिक्कर-जरोल-गाहन-ननखड़ी-खमाड़ी सड़क के लिए 54.87 करोड़ रुपए मिले है। सुजानपुर-टिहरा-संधोल को केंद्र ने 41.10 करोड़ दिए हमीरपुर में सुजानपुर टिहरा से संधोल के लिए 41.10 करोड़ रुपए, हमीरपुर में ही नवगांव-बेरी सड़क के सुधारीकरण और नवीनीकरण के लिए 79.25 करोड़ मिले हैं। कांगड़ा में गज खड्ड पर पुल बनाने के लिए भी 86.34 करोड़ रुपए केंद्र से मिल गए हैं। मंडी की बखरोट-करसोग-सैंज मार्ग को 31.80 करोड़ विक्रमादित्य सिंह ने बताया कि मंडी के बखरोट-करसोग-सनारली-सैंज मार्ग के लिए 31.80 करोड़ रुपए जारी किए गए। केंद्र से हिमाचल को कुल 293.36 करोड़ रुपए की मदद मिली है। लोक निर्माण मंत्री विक्रमादित्य सिंह ने कहा कि सर्वत्र हिमाचल का संपूर्ण विकास ही उनका लक्ष्य है। विक्रमादित्य ने कहा, उन्होंने इस संबंध में कई बार केंद्रीय मंत्री नितिन गडकरी से मुलाकात की है।","{'type': 'text/html', 'language': None, 'base': 'https://www.bhaskar.com/rss-v1--category-12084.xml', 'value': 'हिमाचल के PWD मंत्री विक्रमादित्य सिंह ने सांसद कंगना रनोट पर तंज कसते हुए निशाना साधा। विक्रमादित्य ने कहा, इमरजेंसी वाली एक्ट्रेस, जो माननीय सांसद हैं, उन्हें भी हिमाचल प्रदेश के लिए 2-4 प्रोजेक्ट लाने चाहिए। हिमाचल के विकास में सभी का योगदान होना चाहिए। हिमाचल का विकास सबका सामूहिक दायित्व है। यह बात उन्होंने केंद्रीय सड़क एवं परिवहन मंत्रालय द्वारा मंजूर किए पांच बड़े सड़क प्रोजेक्ट की जानकारी देते हुए मीडिया से बातचीत के दौरान शिमला में कही। टिक्कर-जरोल-खमाड़ी सड़क को मिले 54.87 करोड़ विक्रमादित्य सिंह ने कहा कि हिमाचल को 293.36 करोड़ रुपए के 5 प्रोजेक्ट मिले हैं। इनमें 2 हमीरपुर, 1-1 प्रोजेक्ट शिमला, कांगड़ा और मंडी को मिला हैं। उन्होंने कहा, टिक्कर-जरोल-गाहन-ननखड़ी-खमाड़ी सड़क के लिए 54.87 करोड़ रुपए मिले है। सुजानपुर-टिहरा-संधोल को केंद्र ने 41.10 करोड़ दिए हमीरपुर में सुजानपुर टिहरा से संधोल के लिए 41.10 करोड़ रुपए, हमीरपुर में ही नवगांव-बेरी सड़क के सुधारीकरण और नवीनीकरण के लिए 79.25 करोड़ मिले हैं। कांगड़ा में गज खड्ड पर पुल बनाने के लिए भी 86.34 करोड़ रुपए केंद्र से मिल गए हैं। मंडी की बखरोट-करसोग-सैंज मार्ग को 31.80 करोड़ विक्रमादित्य सिंह ने बताया कि मंडी के बखरोट-करसोग-सनारली-सैंज मार्ग के लिए 31.80 करोड़ रुपए जारी किए गए। केंद्र से हिमाचल को कुल 293.36 करोड़ रुपए की मदद मिली है। लोक निर्माण मंत्री विक्रमादित्य सिंह ने कहा कि सर्वत्र हिमाचल का संपूर्ण विकास ही उनका लक्ष्य है। विक्रमादित्य ने कहा, उन्होंने इस संबंध में कई बार केंद्रीय मंत्री नितिन गडकरी से मुलाकात की है।'}","Fri, 04 Oct 2024 13:03:13 +0000","time.struct_time(tm_year=2024, tm_mon=10, tm_mday=4, tm_hour=13, tm_min=3, tm_sec=13, tm_wday=4, tm_yday=278, tm_isdst=0)","[{'url': 'https://images.bhaskarassets.com/thumb/1000x1000/web2images/521/2024/10/04/s11712143411-117149866921727335618_1728046987.gif', 'type': 'image/gif', 'width': '1000', 'height': '1000'}]",Dainik Bhaskar,Himachal,,,,2024-10-04 11:13:12.741430
"हिमाचल के शिक्षा मंत्री ने की योगी की तारीफ:बोले-यूपी में अच्छा कार्य किया, गुणात्मक शिक्षा के लिए यूपी के बाद केरला जाएंगे","{'type': 'text/plain', 'language': None, 'base': 'https://www.bhaskar.com/rss-v1--category-12084.xml', 'value': 'हिमाचल के शिक्षा मंत्री ने की योगी की तारीफ:बोले-यूपी में अच्छा कार्य किया, गुणात्मक शिक्षा के लिए यूपी के बाद केरला जाएंगे'}","[{'rel': 'alternate', 'type': 'text/html', 'href': 'https://www.bhaskar.com/local/himachal/shimla/news/himachal-education-minister-rohit-thakur-praised-up-government-education-model-shimla-133748811.html'}, {'href': 'https://www.bhaskar.com/local/himachal/shimla/news/himachal-education-minister-rohit-thakur-praised-up-government-education-model-shimla-133748811.html', 'rel': 'alternate', 'type': 'text/html'}]",https://www.bhaskar.com/local/himachal/shimla/news/himachal-education-minister-rohit-thakur-praised-up-government-education-model-shimla-133748811.html,https://www.bhaskar.com/local/himachal/shimla/news/himachal-education-minister-rohit-thakur-praised-up-government-education-model-shimla-133748811.html,False,"हिमाचल प्रदेश के एजुकेशन मिनिस्टर रोहित ठाकुर ने बड़ा बयान देते हुए कहा, शिक्षा के क्षेत्र में उत्तर प्रदेश में अच्छा कार्य हो रहा है। वह 2 दिन के कॉन्कलेव में शामिल होने उत्तर प्रदेश गए थे। इस दौरान उन्होंने वहां के मुख्यमंत्री योगी आदित्यनाथ से मिलने का समय मांगा। यूपी सीएम ने उन्हें मिलने का समय दिया और मीटिंग हुई। दोनों राज्य में परस्पर सहयोग को लेकर चर्चा की। रोहित ठाकुर ने UP के एजुकेशन मॉडल को अपनाने से जुड़े सवाल पर कहा, उत्तर प्रदेश के साथ केरल में भी अच्छा कार्य हो रहा है। जहां भी शिक्षा के क्षेत्र में अच्छा कार्य हुआ, वहां जाएंगे। उन्होंने कहा कि हमारा मकसद गुणात्मक शिक्षा के लिए कार्य करना हैं। उत्तर प्रदेश के मुख्यमंत्री योगी आदित्यनाथ से मिलकर लौटें शिक्षा मंत्री ने आज शिक्षा विभाग के अधिकारियों के साथ मीटिंग की। यूपी मॉडल को लेकर विक्रमादित्य पहले घिर चुके शिक्षा मंत्री से पहले हिमाचल के लोक निर्माण मंत्री विक्रमादित्य सिंह ने भी उत्तर प्रदेश की तर्ज पर दुकानों में आई कार्ड की बात कही थी। तब वह विवादों में घिर गए थे। हालांकि रोहित ठाकुर ने क्लियर कट यह नहीं कहा कि वह योगी मॉडल को अपनाने जा रहे है। मगर वह यूपी मॉडल की प्रशंसा करते नजर आए।","{'type': 'text/html', 'language': None, 'base': 'https://www.bhaskar.com/rss-v1--category-12084.xml', 'value': 'हिमाचल प्रदेश के एजुकेशन मिनिस्टर रोहित ठाकुर ने बड़ा बयान देते हुए कहा, शिक्षा के क्षेत्र में उत्तर प्रदेश में अच्छा कार्य हो रहा है। वह 2 दिन के कॉन्कलेव में शामिल होने उत्तर प्रदेश गए थे। इस दौरान उन्होंने वहां के मुख्यमंत्री योगी आदित्यनाथ से मिलने का समय मांगा। यूपी सीएम ने उन्हें मिलने का समय दिया और मीटिंग हुई। दोनों राज्य में परस्पर सहयोग को लेकर चर्चा की। रोहित ठाकुर ने UP के एजुकेशन मॉडल को अपनाने से जुड़े सवाल पर कहा, उत्तर प्रदेश के साथ केरल में भी अच्छा कार्य हो रहा है। जहां भी शिक्षा के क्षेत्र में अच्छा कार्य हुआ, वहां जाएंगे। उन्होंने कहा कि हमारा मकसद गुणात्मक शिक्षा के लिए कार्य करना हैं। उत्तर प्रदेश के मुख्यमंत्री योगी आदित्यनाथ से मिलकर लौटें शिक्षा मंत्री ने आज शिक्षा विभाग के अधिकारियों के साथ मीटिंग की। यूपी मॉडल को लेकर विक्रमादित्य पहले घिर चुके शिक्षा मंत्री से पहले हिमाचल के लोक निर्माण मंत्री विक्रमादित्य सिंह ने भी उत्तर प्रदेश की तर्ज पर दुकानों में आई कार्ड की बात कही थी। तब वह विवादों में घिर गए थे। हालांकि रोहित ठाकुर ने क्लियर कट यह नहीं कहा कि वह योगी मॉडल को अपनाने जा रहे है। मगर वह यूपी मॉडल की प्रशंसा करते नजर आए।'}","Fri, 04 Oct 2024 12:47:17 +0000","time.struct_time(tm_year=2024, tm_mon=10, tm_mday=4, tm_hour=12, tm_min=47, tm_sec=17, tm_wday=4, tm_yday=278, tm_isdst=0)","[{'url': 'https://images.bhaskarassets.com/thumb/1000x1000/web2images/521/2024/10/04/aajph_1728042917.jpg', 'type': 'image/jpeg', 'width': '1000', 'height': '1000'}]",Dainik Bhaskar,Himachal,,,,2024-10-04 11:13:12.741430
हिमाचल CM ने कहा- टॉयलेट टैक्स की खबरें झूठी:निर्मला सीतारमण ने इसे शर्मनाक बताया; नड्‌डा बोले- सरकार की मति भ्रष्ट हुई,"{'type': 'text/plain', 'language': None, 'base': 'https://www.bhaskar.com/rss-v1--category-12084.xml', 'value': 'हिमाचल CM ने कहा- टॉयलेट टैक्स की खबरें झूठी:निर्मला सीतारमण ने इसे शर्मनाक बताया;\xa0नड्\u200cडा बोले- सरकार की मति भ्रष्ट हुई'}","[{'rel': 'alternate', 'type': 'text/html', 'href': 'https://www.bhaskar.com/local/himachal/shimla/news/union-minister-nirmala-sitharaman-targeted-himachal-government-toilets-tax-shimla-himachal-133747710.html'}, {'href': 'https://www.bhaskar.com/local/himachal/shimla/news/union-minister-nirmala-sitharaman-targeted-himachal-government-toilets-tax-shimla-himachal-133747710.html', 'rel': 'alternate', 'type': 'text/html'}]",https://www.bhaskar.com/local/himachal/shimla/news/union-minister-nirmala-sitharaman-targeted-himachal-government-toilets-tax-shimla-himachal-133747710.html,https://www.bhaskar.com/local/himachal/shimla/news/union-minister-nirmala-sitharaman-targeted-himachal-government-toilets-tax-shimla-himachal-133747710.html,False,"हिमाचल प्रदेश में घरों में टॉयलेट शीट के आधार पर टैक्स लगाने की खबरों को लेकर विवाद हो गया है। इस पर CM सुखविंदर सिंह सुक्खू ने शुक्रवार को स्पष्ट कहा कि राज्य में ऐसा कोई टॉयलेट टैक्स नहीं लगाया जा रहा है। केंद्रीय वित्त मंत्री निर्मला सीतारमण ने सोशल मीडिया पर पोस्ट में दावा किया कि हिमाचल की कांग्रेस सरकार टॉयलेट पर भी टैक्स ले रही है। निर्मला ने सोशल मीडिया पर लिखा- अगर सच है तो यह अविश्वसनीय है। उन्होंने कहा कि यह बहुत शर्मनाक है। वहीं, BJP के राष्ट्रीय अध्यक्ष जेपी नड्‌डा ने कहा कि सरकार की मति भ्रष्ट हो गई है। CM सुक्खू ने कहा कि हमने टॉयलेट पर कोई टैक्स नहीं लगाया। ये सब हरियाणा चुनाव को लेकर कहा जा रहा है। BJP कभी हिंदू-मुस्लिम तो कभी सीवरेज की बात करती है। हिमाचल के जल शक्ति विभाग ने भी टॉयलेट की प्रत्येक शीट पर टैक्स लेने का खंडन किया है। उन्होंने कहा कि हम सिर्फ पानी का बिल ले रहे हैं। निर्मला सीतारमण की सोशल मीडिया पोस्ट से​​​​​​ शुरू हुआ विवाद
केंद्रीय वित्त मंत्री ने सोशल मीडिया पर एक पोस्ट लिखी। निर्मला ने लिखा- जहां प्रधानमंत्री नरेंद्र मोदी ने स्वच्छता को एक जन आंदोलन बनाया। यहां कांग्रेस पार्टी लोगों पर टॉयलेट के लिए टैक्स लगा रही है। शर्म की बात है कि उन्होंने अपने समय में अच्छी स्वच्छता उपलब्ध नहीं कराई, लेकिन यह कदम देश को शर्मसार करने वाला है। निर्मला ने इसके नीचे एक खबर को भी टैग किया। निर्मला सीतारमण की सोशल मीडिया पोस्ट... नड्‌डा बोले- सुबह ही सुनने को मिला
BJP के राष्ट्रीय अध्यक्ष जेपी नड्डा आज शुक्रवार को बिलासपुर पहुंचे। उन्होंने भी यहां टॉयलेट टैक्स को लेकर कांग्रेस सरकार पर बड़ा हमला बोला। उन्होंने कहा, उन्हें आज सुबह ही सुनने को मिला कि CM सुक्खू ने टॉयलेट पर भी टैक्स लगा दिया। इस सरकार की मति भ्रष्ट हो चुकी है। सीएम बोले- कोई टॉयलेट टैक्स नहीं लगाया ये खबर भी पढ़ें:  हिमाचल मस्जिद विवाद के बीच हनुमान चालीसा का पाठ:संघर्ष समिति बोली- सरकार की सद्बुद्धि के लिए प्रार्थना करेंगे; गांवों में रेहड़ी-पटरी वाले करते हैं अपराध हिमाचल में मस्जिद विवाद के बीच देवभूमि संघर्ष समिति ने आज प्रदेश के सभी मंदिरों में हनुमान चालीसा के पाठ करने का ऐलान किया है। संजौली मस्जिद मामले में कोर्ट में कल की सुनवाई से पहले संघर्ष समिति ने दबाव डालने के लिए हनुमान चालीसा करने का निर्णय लिया है। पढ़ें पूरी खबर... जेपी नड्डा बोले-हिमाचल की पत्तल में छेद हो चुका:केंद्र जनता को जो दे रहा, वो रास्ते से गायब हो रहा, हिमाचल CM की दो भाषाएं भाजपा के राष्ट्रीय अध्यक्ष जगत प्रकाश नड्डा ने हिमाचल सरकार पर शुक्रवार को तीखे हमले बोले। नड्डा ने कहा, हिमाचल सरकार 100 प्रतिशत भ्रष्ट हो चुकी है। केंद्र सरकार को जो जनता को दे रही है, वह रास्ते से गायब रहो रहा है। प्रधानमंत्री मोदी ने हिमाचल को 93 हजार घर दिए। जब इनसे हिसाब मांगों तो हिसाब नहीं देते। उन्होंने कहा कि हिमाचल की पत्तल में छेद हो चुके हैं। पढ़ें पूरी खबर...","{'type': 'text/html', 'language': None, 'base': 'https://www.bhaskar.com/rss-v1--category-12084.xml', 'value': 'हिमाचल प्रदेश में घरों में टॉयलेट शीट के आधार पर टैक्स लगाने की खबरों को लेकर विवाद हो गया है। इस पर CM सुखविंदर सिंह सुक्खू ने शुक्रवार को स्पष्ट कहा कि राज्य में ऐसा कोई टॉयलेट टैक्स नहीं लगाया जा रहा है। केंद्रीय वित्त मंत्री निर्मला सीतारमण ने सोशल मीडिया पर पोस्ट में दावा किया कि हिमाचल की कांग्रेस सरकार टॉयलेट पर भी टैक्स ले रही है। निर्मला ने सोशल मीडिया पर लिखा- अगर सच है तो यह अविश्वसनीय है। उन्होंने कहा कि यह बहुत शर्मनाक है। वहीं, BJP के राष्ट्रीय अध्यक्ष जेपी नड्\u200cडा ने कहा कि सरकार की मति भ्रष्ट हो गई है। CM सुक्खू ने कहा कि हमने टॉयलेट पर कोई टैक्स नहीं लगाया। ये सब हरियाणा चुनाव को लेकर कहा जा रहा है। BJP कभी हिंदू-मुस्लिम तो कभी सीवरेज की बात करती है। हिमाचल के जल शक्ति विभाग ने भी टॉयलेट की प्रत्येक शीट पर टैक्स लेने का खंडन किया है। उन्होंने कहा कि हम सिर्फ पानी का बिल ले रहे हैं। निर्मला सीतारमण की सोशल मीडिया पोस्ट से\u200b\u200b\u200b\u200b\u200b\u200b शुरू हुआ विवाद\nकेंद्रीय वित्त मंत्री ने सोशल मीडिया पर एक पोस्ट लिखी। निर्मला ने लिखा- जहां प्रधानमंत्री नरेंद्र मोदी ने स्वच्छता को एक जन आंदोलन बनाया। यहां कांग्रेस पार्टी लोगों पर टॉयलेट के लिए टैक्स लगा रही है। शर्म की बात है कि उन्होंने अपने समय में अच्छी स्वच्छता उपलब्ध नहीं कराई, लेकिन यह कदम देश को शर्मसार करने वाला है। निर्मला ने इसके नीचे एक खबर को भी टैग किया। निर्मला सीतारमण की सोशल मीडिया पोस्ट... नड्\u200cडा बोले- सुबह ही सुनने को मिला\nBJP के राष्ट्रीय अध्यक्ष जेपी नड्डा आज शुक्रवार को बिलासपुर पहुंचे। उन्होंने भी यहां टॉयलेट टैक्स को लेकर कांग्रेस सरकार पर बड़ा हमला बोला। उन्होंने कहा, उन्हें आज सुबह ही सुनने को मिला कि CM सुक्खू ने टॉयलेट पर भी टैक्स लगा दिया। इस सरकार की मति भ्रष्ट हो चुकी है। सीएम बोले- कोई टॉयलेट टैक्स नहीं लगाया ये खबर भी पढ़ें:  हिमाचल मस्जिद विवाद के बीच हनुमान चालीसा का पाठ:संघर्ष समिति बोली- सरकार की सद्बुद्धि के लिए प्रार्थना करेंगे; गांवों में रेहड़ी-पटरी वाले करते हैं अपराध हिमाचल में मस्जिद विवाद के बीच देवभूमि संघर्ष समिति ने आज प्रदेश के सभी मंदिरों में हनुमान चालीसा के पाठ करने का ऐलान किया है। संजौली मस्जिद मामले में कोर्ट में कल की सुनवाई से पहले संघर्ष समिति ने दबाव डालने के लिए हनुमान चालीसा करने का निर्णय लिया है। पढ़ें पूरी खबर... जेपी नड्डा बोले-हिमाचल की पत्तल में छेद हो चुका:केंद्र जनता को जो दे रहा, वो रास्ते से गायब हो रहा, हिमाचल CM की दो भाषाएं भाजपा के राष्ट्रीय अध्यक्ष जगत प्रकाश नड्डा ने हिमाचल सरकार पर शुक्रवार को तीखे हमले बोले। नड्डा ने कहा, हिमाचल सरकार 100 प्रतिशत भ्रष्ट हो चुकी है। केंद्र सरकार को जो जनता को दे रही है, वह रास्ते से गायब रहो रहा है। प्रधानमंत्री मोदी ने हिमाचल को 93 हजार घर दिए। जब इनसे हिसाब मांगों तो हिसाब नहीं देते। उन्होंने कहा कि हिमाचल की पत्तल में छेद हो चुके हैं। पढ़ें पूरी खबर...'}","Fri, 04 Oct 2024 07:45:52 +0000","time.struct_time(tm_year=2024, tm_mon=10, tm_mday=4, tm_hour=7, tm_min=45, tm_sec=52, tm_wday=4, tm_yday=278, tm_isdst=0)","[{'url': 'https://images.bhaskarassets.com/thumb/1000x1000/web2images/521/2024/10/04/s2-2_1728032009.gif', 'type': 'image/gif', 'width': '1000', 'height': '1000'}]",Dainik Bhaskar,Himachal,,,,2024-10-04 11:13:12.741430
"जेपी नड्डा बोले-हिमाचल की पत्तल में छेद हो चुका:केंद्र जनता को जो दे रहा, वो रास्ते से गायब हो रहा, हिमाचल CM की दो भाषाएं","{'type': 'text/plain', 'language': None, 'base': 'https://www.bhaskar.com/rss-v1--category-12084.xml', 'value': 'जेपी नड्डा बोले-हिमाचल की पत्तल में छेद हो चुका:केंद्र जनता को जो दे रहा, वो रास्ते से गायब हो रहा, हिमाचल CM की दो भाषाएं'}","[{'rel': 'alternate', 'type': 'text/html', 'href': 'https://www.bhaskar.com/local/himachal/bilaspur/news/bjp-national-president-union-health-minister-jp-nadda-bilaspur-himachal-bjp-grand-welcome-133743572.html'}, {'href': 'https://www.bhaskar.com/local/himachal/bilaspur/news/bjp-national-president-union-health-minister-jp-nadda-bilaspur-himachal-bjp-grand-welcome-133743572.html', 'rel': 'alternate', 'type': 'text/html'}]",https://www.bhaskar.com/local/himachal/bilaspur/news/bjp-national-president-union-health-minister-jp-nadda-bilaspur-himachal-bjp-grand-welcome-133743572.html,https://www.bhaskar.com/local/himachal/bilaspur/news/bjp-national-president-union-health-minister-jp-nadda-bilaspur-himachal-bjp-grand-welcome-133743572.html,False,"भाजपा के राष्ट्रीय अध्यक्ष जगत प्रकाश नड्डा ने हिमाचल सरकार पर शुक्रवार को तीखे हमले बोले। नड्डा ने कहा, हिमाचल सरकार 100 प्रतिशत भ्रष्ट हो चुकी है। केंद्र सरकार को जो जनता को दे रही है, वह रास्ते से गायब रहो रहा है। प्रधानमंत्री मोदी ने हिमाचल को 93 हजार घर दिए। जब इनसे हिसाब मांगों तो हिसाब नहीं देते। उन्होंने कहा कि हिमाचल की पत्तल में छेद हो चुके हैं। जेपी नड्डा ने कहा, हिमाचल सीएम की दो भाषाएं हैं। जब सुक्खू चुनाव में जाते हैं तो कहते हैं कि केंद्र से कुछ नहीं मिला। जब दिल्ली आते हैं तो कहते हैं कि हमे ये भी मिला.. वो भी मिल गया.. धन्यवाद.. अब हमे ये दे दो.. ये दो.. नड्डा ने कहा, यदि केंद्र सरकार मदद न करें तो हिमाचल सरकार एक दिन भी नहीं चल पाएगी। केंद्र हर महीने 500 करोड़ रुपए रेवेन्यू डेफिसिएट ग्रांट के देता है। तभी हिमाचल सरकार सैलरी-पेंशन दे पाती है। नड्डा ने कहा, कांग्रेस पार्टी जहां भी होती है वहां जातिवाद, अलगावाद, राष्ट्रीय विरोधी तत्व विराजमान होते हैं। कांग्रेस पार्टी का काम भाई को भाई, मज़हब को मज़हब से लड़ाने, भाई को भाई से लड़ाने का काम किया। कांग्रेस तो धारा 370 वापस लेने की शर्मनाक बात करती है, पीएम मोदी ने पाकिस्तान को घर ने घुसकर सबक सिखाया तो दूसरी ओर कांग्रेस पाकिस्तान से व्यापार और वार्ता की बात करती है। राहुल गांधी भारत को बदनाम करने की बात करता है। नड्डा ने कहा की हिमाचल सरकार की बुद्धि और मति दोनों भ्रष्ट हो चुकी है। इन्होंने तो टॉयलेट पर भी टैक्स लगा दिया। ऐसी सरकार को प्रदेश में रहने का हक नहीं। कांग्रेस की सरकार आपदा की सरकार: नड्डा नड्डा ने कहा की कांग्रेस की सरकार आपदा की सरकार है, उनके 25% साथी उनके छोड़ कर भाजपा में शामिल हो गए है। कांग्रेस पार्टी तो अपना परिवार भी संभाल नहीं पाई। इससे पहले नड्डा का शानदार स्वागत किया गया। जेपी नड्डा केंद्र में मंत्री बनने के बाद आज पहली बार अपने घर आए हैं। नाहन में नए पार्टी कार्यालय का करेंगे उद्घाटन जेपी नड्डा दो दिन के हिमाचल दौरे पर आ रहे हैं। वह मूल रूप से बिलासपुर के रहने वाले हैं। कल नड्डा का नाहन में भी भव्य स्वागत कार्यक्रम रखा गया है। यहां पर भी कार्यकर्ता उनका स्वागत करेंगे। इस दौरान नड्‌डा नाहन में बनाए गए पार्टी कार्यालय के नए भवन का उद्घाटन भी करेंगे। इसके बाद यहां जनसभा को संबोधित करेंगे।","{'type': 'text/html', 'language': None, 'base': 'https://www.bhaskar.com/rss-v1--category-12084.xml', 'value': 'भाजपा के राष्ट्रीय अध्यक्ष जगत प्रकाश नड्डा ने हिमाचल सरकार पर शुक्रवार को तीखे हमले बोले। नड्डा ने कहा, हिमाचल सरकार 100 प्रतिशत भ्रष्ट हो चुकी है। केंद्र सरकार को जो जनता को दे रही है, वह रास्ते से गायब रहो रहा है। प्रधानमंत्री मोदी ने हिमाचल को 93 हजार घर दिए। जब इनसे हिसाब मांगों तो हिसाब नहीं देते। उन्होंने कहा कि हिमाचल की पत्तल में छेद हो चुके हैं। जेपी नड्डा ने कहा, हिमाचल सीएम की दो भाषाएं हैं। जब सुक्खू चुनाव में जाते हैं तो कहते हैं कि केंद्र से कुछ नहीं मिला। जब दिल्ली आते हैं तो कहते हैं कि हमे ये भी मिला.. वो भी मिल गया.. धन्यवाद.. अब हमे ये दे दो.. ये दो.. नड्डा ने कहा, यदि केंद्र सरकार मदद न करें तो हिमाचल सरकार एक दिन भी नहीं चल पाएगी। केंद्र हर महीने 500 करोड़ रुपए रेवेन्यू डेफिसिएट ग्रांट के देता है। तभी हिमाचल सरकार सैलरी-पेंशन दे पाती है। नड्डा ने कहा, कांग्रेस पार्टी जहां भी होती है वहां जातिवाद, अलगावाद, राष्ट्रीय विरोधी तत्व विराजमान होते हैं। कांग्रेस पार्टी का काम भाई को भाई, मज़हब को मज़हब से लड़ाने, भाई को भाई से लड़ाने का काम किया। कांग्रेस तो धारा 370 वापस लेने की शर्मनाक बात करती है, पीएम मोदी ने पाकिस्तान को घर ने घुसकर सबक सिखाया तो दूसरी ओर कांग्रेस पाकिस्तान से व्यापार और वार्ता की बात करती है। राहुल गांधी भारत को बदनाम करने की बात करता है। नड्डा ने कहा की हिमाचल सरकार की बुद्धि और मति दोनों भ्रष्ट हो चुकी है। इन्होंने तो टॉयलेट पर भी टैक्स लगा दिया। ऐसी सरकार को प्रदेश में रहने का हक नहीं। कांग्रेस की सरकार आपदा की सरकार: नड्डा नड्डा ने कहा की कांग्रेस की सरकार आपदा की सरकार है, उनके 25% साथी उनके छोड़ कर भाजपा में शामिल हो गए है। कांग्रेस पार्टी तो अपना परिवार भी संभाल नहीं पाई। इससे पहले नड्डा का शानदार स्वागत किया गया। जेपी नड्डा केंद्र में मंत्री बनने के बाद आज पहली बार अपने घर आए हैं। नाहन में नए पार्टी कार्यालय का करेंगे उद्घाटन जेपी नड्डा दो दिन के हिमाचल दौरे पर आ रहे हैं। वह मूल रूप से बिलासपुर के रहने वाले हैं। कल नड्डा का नाहन में भी भव्य स्वागत कार्यक्रम रखा गया है। यहां पर भी कार्यकर्ता उनका स्वागत करेंगे। इस दौरान नड्\u200cडा नाहन में बनाए गए पार्टी कार्यालय के नए भवन का उद्घाटन भी करेंगे। इसके बाद यहां जनसभा को संबोधित करेंगे।'}","Fri, 04 Oct 2024 00:45:58 +0000","time.struct_time(tm_year=2024, tm_mon=10, tm_mday=4, tm_hour=0, tm_min=45, tm_sec=58, tm_wday=4, tm_yday=278, tm_isdst=0)","[{'url': 'https://images.bhaskarassets.com/thumb/1000x1000/web2images/521/2024/10/04/comp-15-8_1728025967.gif', 'type': 'image/gif', 'width': '1000', 'height': '1000'}]",Dainik Bhaskar,Himachal,,,,2024-10-04 11:13:12.741430
"हिमाचल में आज धूप खिलेगी, कल होगी बारिश:मानसून के जाते ही तापमान में उछाल, अक्टूबर में भी गर्मी से बेहाल हुए लोग","{'type': 'text/plain', 'language': None, 'base': 'https://www.bhaskar.com/rss-v1--category-12084.xml', 'value': 'हिमाचल में आज धूप खिलेगी, कल होगी बारिश:मानसून के जाते ही तापमान में उछाल, अक्टूबर में भी गर्मी से बेहाल हुए लोग'}","[{'rel': 'alternate', 'type': 'text/html', 'href': 'https://www.bhaskar.com/local/himachal/shimla/news/himachal-weather-clear-rain-tomorrow-temperature-increased-shimla-manali-kufri-narkanda-133746875.html'}, {'href': 'https://www.bhaskar.com/local/himachal/shimla/news/himachal-weather-clear-rain-tomorrow-temperature-increased-shimla-manali-kufri-narkanda-133746875.html', 'rel': 'alternate', 'type': 'text/html'}]",https://www.bhaskar.com/local/himachal/shimla/news/himachal-weather-clear-rain-tomorrow-temperature-increased-shimla-manali-kufri-narkanda-133746875.html,https://www.bhaskar.com/local/himachal/shimla/news/himachal-weather-clear-rain-tomorrow-temperature-increased-shimla-manali-kufri-narkanda-133746875.html,False,"हिमाचल प्रदेश में मौसम आज साफ रहेगा। मगर अगले कल यानी 5 अक्टूबर को पश्चिमी विक्षोभ (WD) एक्टिव हो रहा है। इससे 5 जिले चंबा, कांगड़ा, कुल्लू, लाहौल स्पीति और सिरमौर में कुछेक स्थानों पर हल्की बारिश हो सकती है। छह और सात अक्टूबर को दोबारा मौसम साफ हो जाएगा। 8 अक्टूबर को दोबारा WD एक्टिव होने से कुछेक स्थानों पर बारिश का पूर्वानुमान है। प्रदेश से मानसून विदा हो चुका है। मानसून के अलविदा होते ही तापमान में भारी उछाल आया है। प्रदेश का औसत तापमान सामान्य से 3.2 डिग्री ज्यादा हो गया है। 14 शहरों का पारा 30 डिग्री सेल्सियस से अधिक हो गया है। इससे अक्टूबर में भी लोगों को पसीने छूट रहे हैं। केलांग का पारा नॉर्मल से 8.4 डिग्री अधिक हुआ आमतौर पर ठंडे रहने वाले केलांग के तापमान में सबसे ज्यादा 8.4 डिग्री का उछाल आया है। इसी तरह दूसरे शहरों का पारा भी सामान्य से ज्यादा हो गया है। शिमला में दूसरा रिकॉर्ड टैम्परेचर शिमला का तापमान भी सामान्य से 3.5 डिग्री के उछाल के साथ 26 डिग्री सेल्सियस हो गया है। अक्टूबर महीने में शिमला का यह दूसरा रिकॉर्ड टैम्परेचर है। इससे पहले 15 अक्टूबर 2021 को शिमला का पारा 26.8 डिग्री सेल्सियस रिकॉर्ड किया गया था। भुंतर का पारा भी सामान्य से 4.1 डिग्री के उछाल के बाद 33.6 डिग्री, कल्पा का 3.6 डिग्री के उछाल के बाद 23.6 डिग्री, बिलासपुर का 3.8 डिग्री के उछाल के बाद 35.2 डिग्री और ऊना का तापमान सामान्य से 3.8 डिग्री ज्यादा के साथ 36.4 डिग्री सेल्सियस पहुंच गया है। ऊना में भी अक्टूबर का दूसरा रिकॉर्ड टैंपरेचर दर्ज किया गया। इससे पहले 8 अक्टूबर 2017 को ऊना का रिकॉर्ड तापमान 36.6 डिग्री है।","{'type': 'text/html', 'language': None, 'base': 'https://www.bhaskar.com/rss-v1--category-12084.xml', 'value': 'हिमाचल प्रदेश में मौसम आज साफ रहेगा। मगर अगले कल यानी 5 अक्टूबर को पश्चिमी विक्षोभ (WD) एक्टिव हो रहा है। इससे 5 जिले चंबा, कांगड़ा, कुल्लू, लाहौल स्पीति और सिरमौर में कुछेक स्थानों पर हल्की बारिश हो सकती है। छह और सात अक्टूबर को दोबारा मौसम साफ हो जाएगा। 8 अक्टूबर को दोबारा WD एक्टिव होने से कुछेक स्थानों पर बारिश का पूर्वानुमान है। प्रदेश से मानसून विदा हो चुका है। मानसून के अलविदा होते ही तापमान में भारी उछाल आया है। प्रदेश का औसत तापमान सामान्य से 3.2 डिग्री ज्यादा हो गया है। 14 शहरों का पारा 30 डिग्री सेल्सियस से अधिक हो गया है। इससे अक्टूबर में भी लोगों को पसीने छूट रहे हैं। केलांग का पारा नॉर्मल से 8.4 डिग्री अधिक हुआ आमतौर पर ठंडे रहने वाले केलांग के तापमान में सबसे ज्यादा 8.4 डिग्री का उछाल आया है। इसी तरह दूसरे शहरों का पारा भी सामान्य से ज्यादा हो गया है। शिमला में दूसरा रिकॉर्ड टैम्परेचर शिमला का तापमान भी सामान्य से 3.5 डिग्री के उछाल के साथ 26 डिग्री सेल्सियस हो गया है। अक्टूबर महीने में शिमला का यह दूसरा रिकॉर्ड टैम्परेचर है। इससे पहले 15 अक्टूबर 2021 को शिमला का पारा 26.8 डिग्री सेल्सियस रिकॉर्ड किया गया था। भुंतर का पारा भी सामान्य से 4.1 डिग्री के उछाल के बाद 33.6 डिग्री, कल्पा का 3.6 डिग्री के उछाल के बाद 23.6 डिग्री, बिलासपुर का 3.8 डिग्री के उछाल के बाद 35.2 डिग्री और ऊना का तापमान सामान्य से 3.8 डिग्री ज्यादा के साथ 36.4 डिग्री सेल्सियस पहुंच गया है। ऊना में भी अक्टूबर का दूसरा रिकॉर्ड टैंपरेचर दर्ज किया गया। इससे पहले 8 अक्टूबर 2017 को ऊना का रिकॉर्ड तापमान 36.6 डिग्री है।'}","Fri, 04 Oct 2024 02:26:00 +0000","time.struct_time(tm_year=2024, tm_mon=10, tm_mday=4, tm_hour=2, tm_min=26, tm_sec=0, tm_wday=4, tm_yday=278, tm_isdst=0)","[{'url': 'https://images.bhaskarassets.com/thumb/1000x1000/web2images/521/2024/10/04/gifs1-1_1728008540.gif', 'type': 'image/gif', 'width': '1000', 'height': '1000'}]",Dainik Bhaskar,Himachal,,,,2024-10-04 11:13:12.741430
कांगड़ा में बस और बाइक की टक्कर:दंपती समेत 3 की मौत; शादी समारोह से घर लौटते वक्त हुआ हादसा,"{'type': 'text/plain', 'language': None, 'base': 'https://www.bhaskar.com/rss-v1--category-12084.xml', 'value': 'कांगड़ा में बस और बाइक की टक्कर:दंपती समेत 3 की मौत; शादी समारोह से घर लौटते वक्त हुआ हादसा'}","[{'rel': 'alternate', 'type': 'text/html', 'href': 'https://www.bhaskar.com/local/himachal/kangra/news/hrtc-bus-bike-accident-kangra-nagrota-bagva-tanda-medical-college-himachal-133747629.html'}, {'href': 'https://www.bhaskar.com/local/himachal/kangra/news/hrtc-bus-bike-accident-kangra-nagrota-bagva-tanda-medical-college-himachal-133747629.html', 'rel': 'alternate', 'type': 'text/html'}]",https://www.bhaskar.com/local/himachal/kangra/news/hrtc-bus-bike-accident-kangra-nagrota-bagva-tanda-medical-college-himachal-133747629.html,https://www.bhaskar.com/local/himachal/kangra/news/hrtc-bus-bike-accident-kangra-nagrota-bagva-tanda-medical-college-himachal-133747629.html,False,"हिमाचल के कांगड़ा में गुरुवार देर रात हिमाचल प्रदेश पथ परिवहन निगम (HRTC) की बस और बाइक में जोरदार टक्कर हो गई। इस हादसे में दंपती समेत 3 लोगों की मौत हो गई। पुलिस ने मामला दर्ज कर आगामी कार्रवाई शुरू कर दी है। सूचना के अनुसार, पुलिस थाना नगरोटा बगवां के अधीन ठानपुरी में गुरुवार रात 11 बजे यह हादसा हुआ है। बताया जा रहा है कि तीनों बाइक सवार शादी समारोह से घर लौट रहे थे। इस दौरान इनकी बाइट की बस से टक्कर हो गई। इससे एक युवक की मौके पर ही मौत हो गई, जबकि 2 ने अस्पताल में दम तोड़ा। हादसे के बाद रात में ही इन्हें डॉक्टर राजेंद्र प्रसाद मेडिकल कॉलेज टांडा ले जाया गया, जहां डॉक्टरों ने उन्हें मृत घोषित किया। बताया जा रहा है कि बाइक सवार एक स्कूटी को ओवरटेक करते हुए बस से टकरा गए। रोडवेज की बस चंडीगढ़ से बैजनाथ जा रही थी। सदरपुर के रहने वाले थे तीनों मृतक की पहचान सदरपुर (टांडा ) निवासी राकेश कुमार (35), गुलशन कुमार (34) और गुलशन की पत्नी सुमन (31) के तौर पर हुई है। तीनों मृतक नगरोटा में रिश्तेदारों के घर शादी समारोह में भाग लेने आए थे। घर लौटते वक्त हादसे का शिकार हो गए। दोनों युवक मेडिकल कॉलेज टांडा में बतौर वार्ड-बॉय काम करते थे। एक ही गांव के 3 लोगों की सड़क दुर्घटना में मौत की खबर से क्षेत्र में मातम परसा है। मृतक दंपती का 10 महीने का बेटा मृतक दंपती का 10 महीने का एक बेटा भी है, जिसे वह घर पर दादी के पास छोड़कर शादी में गए थे। मृतकों का पोस्टमॉर्टम करवाने के बाद मृतक देह उनके परिजनों को सौंप दी गई है। शुक्रवार को सदरपुर टांडा के सारे बाजार बंद रहे। पुलिस ने दर्ज किया मामला- DSP डीएसपी कांगड़ा अंकित शर्मा ने बताया पुलिस ने बस चालक के खिलाफ मामला दर्ज कर सड़क दुर्घटना की जांच शुरू कर दी है। बस को कब्जे में लिया गया है। रात को ही बस में सवार यात्रियों को दूसरी बस में बैठाकर रवाना किया गया।","{'type': 'text/html', 'language': None, 'base': 'https://www.bhaskar.com/rss-v1--category-12084.xml', 'value': 'हिमाचल के कांगड़ा में गुरुवार देर रात हिमाचल प्रदेश पथ परिवहन निगम (HRTC) की बस और बाइक में जोरदार टक्कर हो गई। इस हादसे में दंपती समेत 3 लोगों की मौत हो गई। पुलिस ने मामला दर्ज कर आगामी कार्रवाई शुरू कर दी है। सूचना के अनुसार, पुलिस थाना नगरोटा बगवां के अधीन ठानपुरी में गुरुवार रात 11 बजे यह हादसा हुआ है। बताया जा रहा है कि तीनों बाइक सवार शादी समारोह से घर लौट रहे थे। इस दौरान इनकी बाइट की बस से टक्कर हो गई। इससे एक युवक की मौके पर ही मौत हो गई, जबकि 2 ने अस्पताल में दम तोड़ा। हादसे के बाद रात में ही इन्हें डॉक्टर राजेंद्र प्रसाद मेडिकल कॉलेज टांडा ले जाया गया, जहां डॉक्टरों ने उन्हें मृत घोषित किया। बताया जा रहा है कि बाइक सवार एक स्कूटी को ओवरटेक करते हुए बस से टकरा गए। रोडवेज की बस चंडीगढ़ से बैजनाथ जा रही थी। सदरपुर के रहने वाले थे तीनों मृतक की पहचान सदरपुर (टांडा ) निवासी राकेश कुमार (35), गुलशन कुमार (34) और गुलशन की पत्नी सुमन (31) के तौर पर हुई है। तीनों मृतक नगरोटा में रिश्तेदारों के घर शादी समारोह में भाग लेने आए थे। घर लौटते वक्त हादसे का शिकार हो गए। दोनों युवक मेडिकल कॉलेज टांडा में बतौर वार्ड-बॉय काम करते थे। एक ही गांव के 3 लोगों की सड़क दुर्घटना में मौत की खबर से क्षेत्र में मातम परसा है। मृतक दंपती का 10 महीने का बेटा मृतक दंपती का 10 महीने का एक बेटा भी है, जिसे वह घर पर दादी के पास छोड़कर शादी में गए थे। मृतकों का पोस्टमॉर्टम करवाने के बाद मृतक देह उनके परिजनों को सौंप दी गई है। शुक्रवार को सदरपुर टांडा के सारे बाजार बंद रहे। पुलिस ने दर्ज किया मामला- DSP डीएसपी कांगड़ा अंकित शर्मा ने बताया पुलिस ने बस चालक के खिलाफ मामला दर्ज कर सड़क दुर्घटना की जांच शुरू कर दी है। बस को कब्जे में लिया गया है। रात को ही बस में सवार यात्रियों को दूसरी बस में बैठाकर रवाना किया गया।'}","Fri, 04 Oct 2024 07:21:58 +0000","time.struct_time(tm_year=2024, tm_mon=10, tm_mday=4, tm_hour=7, tm_min=21, tm_sec=58, tm_wday=4, tm_yday=278, tm_isdst=0)","[{'url': 'https://images.bhaskarassets.com/thumb/1000x1000/web2images/521/2024/10/04/9dd789e7-4184-4102-8e64_1728026165.jpg', 'type': 'image/jpeg', 'width': '1000', 'height': '1000'}]",Dainik Bhaskar,Himachal,,,,2024-10-04 11:13:12.741430
हिमाचल के मंदिरों में हनुमान चालीसा का पाठ:संघर्ष समिति बोली-सरकार की सद्बुद्धि के लिए प्रार्थना की; मस्जिद केस में जल्द फैसला लेने की अपील,"{'type': 'text/plain', 'language': None, 'base': 'https://www.bhaskar.com/rss-v1--category-12084.xml', 'value': 'हिमाचल के मंदिरों में हनुमान चालीसा का पाठ:संघर्ष समिति बोली-सरकार की सद्बुद्धि के लिए प्रार्थना की; मस्जिद केस में जल्द फैसला लेने की अपील'}","[{'rel': 'alternate', 'type': 'text/html', 'href': 'https://www.bhaskar.com/local/himachal/shimla/news/hanuman-chalisa-recited-temple-himachal-masjid-mosque-controversy-shimla-mandi-133743535.html'}, {'href': 'https://www.bhaskar.com/local/himachal/shimla/news/hanuman-chalisa-recited-temple-himachal-masjid-mosque-controversy-shimla-mandi-133743535.html', 'rel': 'alternate', 'type': 'text/html'}]",https://www.bhaskar.com/local/himachal/shimla/news/hanuman-chalisa-recited-temple-himachal-masjid-mosque-controversy-shimla-mandi-133743535.html,https://www.bhaskar.com/local/himachal/shimla/news/hanuman-chalisa-recited-temple-himachal-masjid-mosque-controversy-shimla-mandi-133743535.html,False,"हिमाचल में मस्जिद विवाद के बीच देवभूमि संघर्ष समिति ने आज प्रदेश में कुछ स्थानों पर मंदिरों में हनुमान चालीसा का पाठ किया। संजौली मस्जिद मामले में कोर्ट में कल की सुनवाई से पहले संघर्ष समिति ने दबाव डालने की मंशा से हनुमान चालीसा करने का आवाहन किया था। संघर्ष समिति के संयोजक भरत भूषण ने कहा कि सरकार और प्रशासन को मस्जिद मसले पर सद्बुद्धि देने के लिए प्रार्थना की गई, ताकि बहुसंख्यक समाज की भावनाओं के मुताबिक अवैध मस्जिद पर फैसला आए। उन्होंने कहा कि जिस तरह हमारे पूर्वजों ने हिमाचल हमें सुरक्षित सौंपा है, इसी तरह का यह आगे भी सुरक्षित रहे। यही उम्मीद हम सरकार से भी कर रहे हैं। उन्होंने कहा, सामान बेचने वालों की वेरिफिकेशन की जानी चाहिए। ज्यादातर रेहड़ी-फड़ी लगाने वाले एक समुदाय के है और गांव में अपराधों को अंजाम दे रहे हैं। संजौली मस्जिद मामले में कल सुनवाई शिमला नगर निगम आयुक्त कोर्ट में संजौली मस्जिद विवाद में कल सुनवाई होनी है। हिंदू संगठन और देवभूमि संघर्ष समिति इस केस में जल्द फैसले की मांग कर रहे है। इसी मांग को लेकर दबाव बनाने के लिए संघर्ष समिति द्वारा हनुमान चालीसा का पाठ किया गया। कैसे गरमाया मस्जिद विवाद बता दें कि शिमला के मैहली में दो गुटों में लड़ाई के बाद से मस्जिद विवाद गरमाया हुआ है। इस लड़ाई में छह मुस्लिम लड़कों ने एक लोकल की पिटाई की और मस्जिद में छिप गए। इसके बाद 1 और 5 सितंबर को शिमला में हिंदू संगठनों ने प्रदर्शन किया। 11 सितंबर को संजौली-ढली में उग्र प्रदर्शन किया गया। उग्र भीड़ को नियंत्रित करने के लिए पुलिस ने हल्का बल प्रयोग और वाटर कैनन का इस्तेमाल किया। इससे हिंदू संगठन भड़क गए। इसके बाद सभी शहरों में प्रदर्शन शुरू हुए। प्रदेश के ज्यादातर बाजारों में दुकानदारों ने दो से तीन घंटे तक दुकानें बंद रखकर विरोध जताया। अब देवभूमि संघर्ष समिति संजौली मस्जिद के अवैध ढांचे को गिराने पर अड़ गई है। मंडी मस्जिद के अवैध हिस्से को नगर निगम आयुक्त तोड़ने के आदेश दे चुके हैं।","{'type': 'text/html', 'language': None, 'base': 'https://www.bhaskar.com/rss-v1--category-12084.xml', 'value': 'हिमाचल में मस्जिद विवाद के बीच देवभूमि संघर्ष समिति ने आज प्रदेश में कुछ स्थानों पर मंदिरों में हनुमान चालीसा का पाठ किया। संजौली मस्जिद मामले में कोर्ट में कल की सुनवाई से पहले संघर्ष समिति ने दबाव डालने की मंशा से हनुमान चालीसा करने का आवाहन किया था। संघर्ष समिति के संयोजक भरत भूषण ने कहा कि सरकार और प्रशासन को मस्जिद मसले पर सद्बुद्धि देने के लिए प्रार्थना की गई, ताकि बहुसंख्यक समाज की भावनाओं के मुताबिक अवैध मस्जिद पर फैसला आए। उन्होंने कहा कि जिस तरह हमारे पूर्वजों ने हिमाचल हमें सुरक्षित सौंपा है, इसी तरह का यह आगे भी सुरक्षित रहे। यही उम्मीद हम सरकार से भी कर रहे हैं। उन्होंने कहा, सामान बेचने वालों की वेरिफिकेशन की जानी चाहिए। ज्यादातर रेहड़ी-फड़ी लगाने वाले एक समुदाय के है और गांव में अपराधों को अंजाम दे रहे हैं। संजौली मस्जिद मामले में कल सुनवाई शिमला नगर निगम आयुक्त कोर्ट में संजौली मस्जिद विवाद में कल सुनवाई होनी है। हिंदू संगठन और देवभूमि संघर्ष समिति इस केस में जल्द फैसले की मांग कर रहे है। इसी मांग को लेकर दबाव बनाने के लिए संघर्ष समिति द्वारा हनुमान चालीसा का पाठ किया गया। कैसे गरमाया मस्जिद विवाद बता दें कि शिमला के मैहली में दो गुटों में लड़ाई के बाद से मस्जिद विवाद गरमाया हुआ है। इस लड़ाई में छह मुस्लिम लड़कों ने एक लोकल की पिटाई की और मस्जिद में छिप गए। इसके बाद 1 और 5 सितंबर को शिमला में हिंदू संगठनों ने प्रदर्शन किया। 11 सितंबर को संजौली-ढली में उग्र प्रदर्शन किया गया। उग्र भीड़ को नियंत्रित करने के लिए पुलिस ने हल्का बल प्रयोग और वाटर कैनन का इस्तेमाल किया। इससे हिंदू संगठन भड़क गए। इसके बाद सभी शहरों में प्रदर्शन शुरू हुए। प्रदेश के ज्यादातर बाजारों में दुकानदारों ने दो से तीन घंटे तक दुकानें बंद रखकर विरोध जताया। अब देवभूमि संघर्ष समिति संजौली मस्जिद के अवैध ढांचे को गिराने पर अड़ गई है। मंडी मस्जिद के अवैध हिस्से को नगर निगम आयुक्त तोड़ने के आदेश दे चुके हैं।'}","Fri, 04 Oct 2024 00:25:00 +0000","time.struct_time(tm_year=2024, tm_mon=10, tm_mday=4, tm_hour=0, tm_min=25, tm_sec=0, tm_wday=4, tm_yday=278, tm_isdst=0)","[{'url': 'https://images.bhaskarassets.com/thumb/1000x1000/web2images/521/2024/10/04/comp-17-10_1728046148.gif', 'type': 'image/gif', 'width': '1000', 'height': '1000'}]",Dainik Bhaskar,Himachal,,,,2024-10-04 11:13:12.741430
हिमाचल में घूम रहे तेंदुओं का VIDEO:सड़क पर मादा तेंदुआ 2 शावकों संग घूमती दिखी; कार की लाइट पड़ी को भाग निकले,"{'type': 'text/plain', 'language': None, 'base': 'https://www.bhaskar.com/rss-v1--category-12084.xml', 'value': 'हिमाचल में घूम रहे तेंदुओं का VIDEO:सड़क पर मादा तेंदुआ 2 शावकों संग घूमती दिखी; कार की लाइट पड़ी को भाग निकले'}","[{'rel': 'alternate', 'type': 'text/html', 'href': 'https://www.bhaskar.com/local/himachal/shimla/news/leopards-roaming-roads-sirmour-nahan-himachal-viral-video-133747472.html'}, {'href': 'https://www.bhaskar.com/local/himachal/shimla/news/leopards-roaming-roads-sirmour-nahan-himachal-viral-video-133747472.html', 'rel': 'alternate', 'type': 'text/html'}]",https://www.bhaskar.com/local/himachal/shimla/news/leopards-roaming-roads-sirmour-nahan-himachal-viral-video-133747472.html,https://www.bhaskar.com/local/himachal/shimla/news/leopards-roaming-roads-sirmour-nahan-himachal-viral-video-133747472.html,False,"हिमाचल प्रदेश की सड़क पर 3 तेंदुओ के घूमने का वीडियो वायरल हो रहा है। यह वीडियो सिरमौर जिले का बताया जा रहा है। इसमें एक मादा तेंदुआ रात में सड़क पर अपने दो शावकों के साथ घूमती हुई नजर आ रही है। इसी दौरान वहां से गुजर रहे एक कार सवार ने इन तीनों तेंदुओ को अपने कैमरे में कैद कर लिया और इनका वीडियो बनाकर सोशल मीडिया पर वायरल कर दिया। गाड़ी की लाइट की रोशनी देखकर तेंदुए आगे की तरफ भागते हुए भी दिखाई दे रहे हैं। भोटा अस्पताल के बाहर भी घूमता दिखा तेंदुआ
इससे पहले भी प्रदेश के अलग अलग क्षेत्रों से तेंदुए के शहरी इलाकों में घूमने के वीडियो वायरल होते रहे हैं। 24 सितंबर की रात को हमीरपुर जिले के बड़सर उपमंडल की नगर पंचायत भोटा के अस्पताल परिसर में एक तेंदुआ घूमता हुआ देखा गया था। यह घटना वहां लगे सीसीटीवी में कैद हो गई थी। तेंदुआ अस्पताल के बाहर सड़क पर बैठा हुआ था। इस दौरान रात करीब 11 बजे एक स्कूटी सवार सामने से आता है और स्कूटी की लाइट देखकर तेंदुआ वहां से भाग जाता है। बड़सर के सहेली गांव में देखा गया तेंदुआ
सितंबर के पहले सप्ताह में हमीरपुर के बड़सर उपमंडल के सहेली गांव में तो एक तेंदुआ घर के आंगन में घुस गया था। इसका वीडियो भी सोशल मीडिया पर खूब वायरल हुआ था। रिहायशी इलाके में तेंदुए के आने से वहां से लोग काफी डर गए थे।","{'type': 'text/html', 'language': None, 'base': 'https://www.bhaskar.com/rss-v1--category-12084.xml', 'value': 'हिमाचल प्रदेश की सड़क पर 3 तेंदुओ के घूमने का वीडियो वायरल हो रहा है। यह वीडियो सिरमौर जिले का बताया जा रहा है। इसमें एक मादा तेंदुआ रात में सड़क पर अपने दो शावकों के साथ घूमती हुई नजर आ रही है। इसी दौरान वहां से गुजर रहे एक कार सवार ने इन तीनों तेंदुओ को अपने कैमरे में कैद कर लिया और इनका वीडियो बनाकर सोशल मीडिया पर वायरल कर दिया। गाड़ी की लाइट की रोशनी देखकर तेंदुए आगे की तरफ भागते हुए भी दिखाई दे रहे हैं। भोटा अस्पताल के बाहर भी घूमता दिखा तेंदुआ\nइससे पहले भी प्रदेश के अलग अलग क्षेत्रों से तेंदुए के शहरी इलाकों में घूमने के वीडियो वायरल होते रहे हैं। 24 सितंबर की रात को हमीरपुर जिले के बड़सर उपमंडल की नगर पंचायत भोटा के अस्पताल परिसर में एक तेंदुआ घूमता हुआ देखा गया था। यह घटना वहां लगे सीसीटीवी में कैद हो गई थी। तेंदुआ अस्पताल के बाहर सड़क पर बैठा हुआ था। इस दौरान रात करीब 11 बजे एक स्कूटी सवार सामने से आता है और स्कूटी की लाइट देखकर तेंदुआ वहां से भाग जाता है। बड़सर के सहेली गांव में देखा गया तेंदुआ\nसितंबर के पहले सप्ताह में हमीरपुर के बड़सर उपमंडल के सहेली गांव में तो एक तेंदुआ घर के आंगन में घुस गया था। इसका वीडियो भी सोशल मीडिया पर खूब वायरल हुआ था। रिहायशी इलाके में तेंदुए के आने से वहां से लोग काफी डर गए थे।'}","Fri, 04 Oct 2024 06:39:53 +0000","time.struct_time(tm_year=2024, tm_mon=10, tm_mday=4, tm_hour=6, tm_min=39, tm_sec=53, tm_wday=4, tm_yday=278, tm_isdst=0)","[{'url': 'https://images.bhaskarassets.com/thumb/1000x1000/web2images/521/2024/10/04/comp-111-2_1728023365.gif', 'type': 'image/gif', 'width': '1000', 'height': '1000'}]",Dainik Bhaskar,Himachal,,,,2024-10-04 11:13:12.741430
"पंडोह डैम के पास ब्यास नदी में गिरा ट्रक:चालक गंभीर रूप से हुआ घायल, लेकर जा रहा था आर्मी का सामान","{'type': 'text/plain', 'language': None, 'base': 'https://www.bhaskar.com/rss-v1--category-12084.xml', 'value': 'पंडोह डैम के पास ब्यास नदी में गिरा ट्रक:चालक गंभीर रूप से हुआ घायल, लेकर जा रहा था आर्मी का सामान'}","[{'rel': 'alternate', 'type': 'text/html', 'href': 'https://www.bhaskar.com/local/himachal/mandi/news/pandoh-dam-army-truck-fellbeas-river-update-133748044.html'}, {'href': 'https://www.bhaskar.com/local/himachal/mandi/news/pandoh-dam-army-truck-fellbeas-river-update-133748044.html', 'rel': 'alternate', 'type': 'text/html'}]",https://www.bhaskar.com/local/himachal/mandi/news/pandoh-dam-army-truck-fellbeas-river-update-133748044.html,https://www.bhaskar.com/local/himachal/mandi/news/pandoh-dam-army-truck-fellbeas-river-update-133748044.html,False,"हिमाचल के मंडी जिले में पंडोह डैम के समीप आर्मी का सामान ले जा रहा एक टैंकर दुर्घटनाग्रस्त हो गया। यह हादसा शुक्रवार सुबह 9:30 बजे हुआ।बताया जा रहा है कि सेना के लिए यह टैंकर केरोसिन लेकर जा रहा था। पंडोह डैम के समीप पहुंचते ही ट्रक अनियंत्रित होकर ब्यास नदी में गिर गया।गनीमत रही कि ब्यास नदी में पानी की मात्रा ज्यादा नहीं थी जिससे बड़ा हादसा होने से बच गया। हादसे में ट्रक चालक घायल हुआ है जिसे एसडीआरएफ, एनडीआरएफ के साथ बीबीएमबी फायर ब्रिगेड की टीम ने रेस्क्यू किया। हादसे में ट्रक सड़क से करीब 150 मीटर नीचे गिरा है। जिसमें चालक गम्भीर रूप से घायल हुआ है, चालक की पहचान गुरमीत सिंह सुपुत्र जोध सिंह निवासी जम्मू कश्मीर के रूप में हुई है। एसपी मंडी साक्षी वर्मा ने बताया कि पंडोह पुलिस चौकी को सूचना मिली थी, केरोसिन का टैंकर (जे के 02 सी ए -6337 ) ऊना से लेह तेल लेकर जा रहा था, जो पंडोह के समीप हादसे का शिकार हो गया है। उन्होंने कहा कि मौके पर पुलिस टीम तैनात है और चालक को 108 एम्बुलेंस के माध्यम से जोनल अस्पताल लाया गया है जहां उसका उपचार जारी है। उन्होंने बताया कि इस घटना में ट्रक के अंदर जो भी सामग्री थी वह पूरी तरह से सुरक्षित है। मंडी पुलिस थाना ने मामला दर्ज कर हादसे के कारणों की जांच शुरू कर दी है।","{'type': 'text/html', 'language': None, 'base': 'https://www.bhaskar.com/rss-v1--category-12084.xml', 'value': 'हिमाचल के मंडी जिले में पंडोह डैम के समीप आर्मी का सामान ले जा रहा एक टैंकर दुर्घटनाग्रस्त हो गया। यह हादसा शुक्रवार सुबह 9:30 बजे हुआ।बताया जा रहा है कि सेना के लिए यह टैंकर केरोसिन लेकर जा रहा था। पंडोह डैम के समीप पहुंचते ही ट्रक अनियंत्रित होकर ब्यास नदी में गिर गया।गनीमत रही कि ब्यास नदी में पानी की मात्रा ज्यादा नहीं थी जिससे बड़ा हादसा होने से बच गया। हादसे में ट्रक चालक घायल हुआ है जिसे एसडीआरएफ, एनडीआरएफ के साथ बीबीएमबी फायर ब्रिगेड की टीम ने रेस्क्यू किया। हादसे में ट्रक सड़क से करीब 150 मीटर नीचे गिरा है। जिसमें चालक गम्भीर रूप से घायल हुआ है, चालक की पहचान गुरमीत सिंह सुपुत्र जोध सिंह निवासी जम्मू कश्मीर के रूप में हुई है। एसपी मंडी साक्षी वर्मा ने बताया कि पंडोह पुलिस चौकी को सूचना मिली थी, केरोसिन का टैंकर (जे के 02 सी ए -6337 ) ऊना से लेह तेल लेकर जा रहा था, जो पंडोह के समीप हादसे का शिकार हो गया है। उन्होंने कहा कि मौके पर पुलिस टीम तैनात है और चालक को 108 एम्बुलेंस के माध्यम से जोनल अस्पताल लाया गया है जहां उसका उपचार जारी है। उन्होंने बताया कि इस घटना में ट्रक के अंदर जो भी सामग्री थी वह पूरी तरह से सुरक्षित है। मंडी पुलिस थाना ने मामला दर्ज कर हादसे के कारणों की जांच शुरू कर दी है।'}","Fri, 04 Oct 2024 09:31:13 +0000","time.struct_time(tm_year=2024, tm_mon=10, tm_mday=4, tm_hour=9, tm_min=31, tm_sec=13, tm_wday=4, tm_yday=278, tm_isdst=0)","[{'url': 'https://images.bhaskarassets.com/thumb/1000x1000/web2images/521/2024/10/04/vid_1728034537.gif', 'type': 'image/gif', 'width': '1000', 'height': '1000'}]",Dainik Bhaskar,Himachal,,,,2024-10-04 11:13:12.741430
"मंडी में सड़क हादसे में युवक की मौत:बस ने अचानक लगाई ब्रेक, पीछे से जा भिड़ा बाइक सवार","{'type': 'text/plain', 'language': None, 'base': 'https://www.bhaskar.com/rss-v1--category-12084.xml', 'value': 'मंडी में सड़क हादसे में युवक की मौत:बस ने अचानक लगाई ब्रेक, पीछे से जा भिड़ा बाइक सवार'}","[{'rel': 'alternate', 'type': 'text/html', 'href': 'https://www.bhaskar.com/local/himachal/mandi/news/mandi-road-accident-young-man-died-himachal-news-133749097.html'}, {'href': 'https://www.bhaskar.com/local/himachal/mandi/news/mandi-road-accident-young-man-died-himachal-news-133749097.html', 'rel': 'alternate', 'type': 'text/html'}]",https://www.bhaskar.com/local/himachal/mandi/news/mandi-road-accident-young-man-died-himachal-news-133749097.html,https://www.bhaskar.com/local/himachal/mandi/news/mandi-road-accident-young-man-died-himachal-news-133749097.html,False,"हिमाचल के मंडी जिले में चंडीगढ़-मनाली नेशनल हाईवे पर सुंदरनगर के तरोट में शुक्रवार को एक दर्दनाक हादसा हो गया, जिसमें बाइक चालक की मौके पर ही मौत हो गई। वहीं सूचना मिलते ही मौके पर पहुंच कर पुलिस मामले की जांच में जुट गई है।
जानकारी के अनुसार शुक्रवार सुबह साढ़े 10 बजे के करीब उपमंडल बल्ह के स्यांह निवासी बाइक सवार डडौर से सुंदरनगर की ओर जा रहा था। जैसे ही बाइक चालक तरोट के समीप पहुंचा, तो उसके आगे सुंदरनगर की ही ओर जा रही बस के चालक द्वारा अचानक ब्रेक लगाई गई। इसी दौरान बाइक की रफ्तार तेज होने के कारण चालक बाइक से नियंत्रण खो बैठा और बाइक स्कीड होकर बस के पिछले टायर से टकरा गई। जिससे बाइक सवार की सड़क पर गिरने के कारण मौके पर दर्दनाक मौत हो गई। सड़क पर लगा जाम
वहीं पुलिस द्वारा मौके से हादसे के समय गुजर रहे एक ट्रक को भी शक के आधार पर कब्जे में लिया गया है। मृतक के शव को पुलिस द्वारा कब्जे में लेकर नियमानुसार पोस्टमॉर्टम करवा दिया गया। हादसे के बाद तुरंत मौके पर स्थानीय लोग इकट्ठा हो गए और सड़क मार्ग पर लंबा जाम लग गया। कुछ साल पहले ही युवक की हुई थी शादी
वहीं पुलिस थाना धनोटू की टीम ने हादसे में मौके पर पहुंच कर जांच शुरू कर दी है। मृतक की पहचान 31 वर्षीय गोपाल कृष्ण पुत्र नेत्र सिंह निवासी स्यांह तहसील बल्ह जिला मंडी के रूप में हुई है। मृतक धनोटू बाजार में मैकेनिक की दुकान चलाता था और कुछ वर्ष पहले ही उसकी शादी हुई थी। मृतक अपने पीछे डेढ़ वर्षीय बच्चे सहित पत्नी को छोड़ गया है। डीएसपी सुंदरनगर भारत भूषण ने बताया कि पुलिस मामले को लेकर जांच कर रही है। हादसे के सही कारणों का पता लगाया जा रहा है। उन्होंने बताया कि शव का पोस्टमॉर्टम करवा कर परिजनों के हवाले कर दिया गया है। पुलिस ने प्रारंभिक जांच के अनुसार बस और बाइक चालक के खिलाफ एफआईआर दर्ज कर आगामी जांच शुरू कर दी है। मामले में फोरेंसिक साक्ष्य भी जुटाए गए हैं। हादसे के दौरान मौके पर मौजूद बस, बाइक और गुजर रहे ट्रक को भी कब्जे में लिया है।","{'type': 'text/html', 'language': None, 'base': 'https://www.bhaskar.com/rss-v1--category-12084.xml', 'value': 'हिमाचल के मंडी जिले में चंडीगढ़-मनाली नेशनल हाईवे पर सुंदरनगर के तरोट में शुक्रवार को एक दर्दनाक हादसा हो गया, जिसमें बाइक चालक की मौके पर ही मौत हो गई। वहीं सूचना मिलते ही मौके पर पहुंच कर पुलिस मामले की जांच में जुट गई है।\nजानकारी के अनुसार शुक्रवार सुबह साढ़े 10 बजे के करीब उपमंडल बल्ह के स्यांह निवासी बाइक सवार डडौर से सुंदरनगर की ओर जा रहा था। जैसे ही बाइक चालक तरोट के समीप पहुंचा, तो उसके आगे सुंदरनगर की ही ओर जा रही बस के चालक द्वारा अचानक ब्रेक लगाई गई। इसी दौरान बाइक की रफ्तार तेज होने के कारण चालक बाइक से नियंत्रण खो बैठा और बाइक स्कीड होकर बस के पिछले टायर से टकरा गई। जिससे बाइक सवार की सड़क पर गिरने के कारण मौके पर दर्दनाक मौत हो गई। सड़क पर लगा जाम\nवहीं पुलिस द्वारा मौके से हादसे के समय गुजर रहे एक ट्रक को भी शक के आधार पर कब्जे में लिया गया है। मृतक के शव को पुलिस द्वारा कब्जे में लेकर नियमानुसार पोस्टमॉर्टम करवा दिया गया। हादसे के बाद तुरंत मौके पर स्थानीय लोग इकट्ठा हो गए और सड़क मार्ग पर लंबा जाम लग गया। कुछ साल पहले ही युवक की हुई थी शादी\nवहीं पुलिस थाना धनोटू की टीम ने हादसे में मौके पर पहुंच कर जांच शुरू कर दी है। मृतक की पहचान 31 वर्षीय गोपाल कृष्ण पुत्र नेत्र सिंह निवासी स्यांह तहसील बल्ह जिला मंडी के रूप में हुई है। मृतक धनोटू बाजार में मैकेनिक की दुकान चलाता था और कुछ वर्ष पहले ही उसकी शादी हुई थी। मृतक अपने पीछे डेढ़ वर्षीय बच्चे सहित पत्नी को छोड़ गया है। डीएसपी सुंदरनगर भारत भूषण ने बताया कि पुलिस मामले को लेकर जांच कर रही है। हादसे के सही कारणों का पता लगाया जा रहा है। उन्होंने बताया कि शव का पोस्टमॉर्टम करवा कर परिजनों के हवाले कर दिया गया है। पुलिस ने प्रारंभिक जांच के अनुसार बस और बाइक चालक के खिलाफ एफआईआर दर्ज कर आगामी जांच शुरू कर दी है। मामले में फोरेंसिक साक्ष्य भी जुटाए गए हैं। हादसे के दौरान मौके पर मौजूद बस, बाइक और गुजर रहे ट्रक को भी कब्जे में लिया है।'}","Fri, 04 Oct 2024 13:59:00 +0000","time.struct_time(tm_year=2024, tm_mon=10, tm_mday=4, tm_hour=13, tm_min=59, tm_sec=0, tm_wday=4, tm_yday=278, tm_isdst=0)","[{'url': 'https://images.bhaskarassets.com/thumb/1000x1000/web2images/521/2024/10/04/cb4972db-bcdc-4c02-8895-f9a745711942_1728040453991.jpg', 'type': 'image/jpeg', 'width': '1000', 'height': '1000'}]",Dainik Bhaskar,Himachal,,,,2024-10-04 11:13:12.741430
मंडी में नशा तस्करी के दोषी को 20 साल जेल:1 लाख 20 हजार रुपए जुर्माना भी; पुलिस ने नाका लगाकर पकड़ा था,"{'type': 'text/plain', 'language': None, 'base': 'https://www.bhaskar.com/rss-v1--category-12084.xml', 'value': 'मंडी में नशा तस्करी के दोषी को 20 साल जेल:1 लाख 20 हजार रुपए जुर्माना भी; पुलिस ने नाका लगाकर पकड़ा था'}","[{'rel': 'alternate', 'type': 'text/html', 'href': 'https://www.bhaskar.com/local/himachal/mandi/news/20-years-imprisonment-accused-drug-smuggling-mandi-133748033.html'}, {'href': 'https://www.bhaskar.com/local/himachal/mandi/news/20-years-imprisonment-accused-drug-smuggling-mandi-133748033.html', 'rel': 'alternate', 'type': 'text/html'}]",https://www.bhaskar.com/local/himachal/mandi/news/20-years-imprisonment-accused-drug-smuggling-mandi-133748033.html,https://www.bhaskar.com/local/himachal/mandi/news/20-years-imprisonment-accused-drug-smuggling-mandi-133748033.html,False,"मंडी कोर्ट ने नशा तस्करी के दोषी को 20 साल जेल की सजा के साथ 1 लाख 20 हजार रुपए का जुर्माना लगाया। गुरुवार को कोर्ट ने कहा कि अगर जुर्माना नहीं दिया गया तो एक साल 2 महीने की अतिरिक्त जेल होगी। मामले की जानकारी देते हुए जिला न्यायवादी मंडी विनोद भारद्वाज ने बताया कि 30 अक्टूबर 2022 को आरोपी ग्यानु तमांग के खिलाफ पुलिस थाना सुंदरनगर में केस दर्ज हुआ था।  पुलिस ने 30 अक्टूबर 2022 को चेकिंग के लिए नाका लगाया था। रात करीब 7 बजकर 50 मिनट पर एक गाड़ी को चैक करने के लिए रोका गया। गाड़ी के चालक ने गाड़ी को सडक के किनारे खड़ा किया l उसमें बैठा व्यक्ति पुलिस को देखते ही घबराया गया। व्यक्ति का नाम पता पूछने पर उसने अपना नाम ग्यानु तमांग, निवासी समशी कुल्लू बत्ताया l इसके बाद गाड़ी की तलाशी ली गई। तलाशी के दौरान गाड़ी से 3.3 किलोग्राम चरस पाई गई थी। मामले की छानबीन पूरी होने पर मामले का चालान थाना अधिकारी सुंदरनगर ने अदालत में दायर किया था। इस मामले में अभियोजन पक्ष ने अदालत में 14 गवाह के बयान कलम बन्द करवाए थे। अभियोजन एवं बचाव पक्ष की दलीलें सुनने के बाद अदालत ने आरोपी ग्यानु तमांग को एनडीपीएस अधिनियम के तहत 20 साल का जेल और 1 लाख 20 हजार रुपए के जुर्माने की सजा सुनाई l","{'type': 'text/html', 'language': None, 'base': 'https://www.bhaskar.com/rss-v1--category-12084.xml', 'value': 'मंडी कोर्ट ने नशा तस्करी के दोषी को 20 साल जेल की सजा के साथ 1 लाख 20 हजार रुपए का जुर्माना लगाया। गुरुवार को कोर्ट ने कहा कि अगर जुर्माना नहीं दिया गया तो एक साल 2 महीने की अतिरिक्त जेल होगी। मामले की जानकारी देते हुए जिला न्यायवादी मंडी विनोद भारद्वाज ने बताया कि 30 अक्टूबर 2022 को आरोपी ग्यानु तमांग के खिलाफ पुलिस थाना सुंदरनगर में केस दर्ज हुआ था।  पुलिस ने 30 अक्टूबर 2022 को चेकिंग के लिए नाका लगाया था। रात करीब 7 बजकर 50 मिनट पर एक गाड़ी को चैक करने के लिए रोका गया। गाड़ी के चालक ने गाड़ी को सडक के किनारे खड़ा किया l उसमें बैठा व्यक्ति पुलिस को देखते ही घबराया गया। व्यक्ति का नाम पता पूछने पर उसने अपना नाम ग्यानु तमांग, निवासी समशी कुल्लू बत्ताया l इसके बाद गाड़ी की तलाशी ली गई। तलाशी के दौरान गाड़ी से 3.3 किलोग्राम चरस पाई गई थी। मामले की छानबीन पूरी होने पर मामले का चालान थाना अधिकारी सुंदरनगर ने अदालत में दायर किया था। इस मामले में अभियोजन पक्ष ने अदालत में 14 गवाह के बयान कलम बन्द करवाए थे। अभियोजन एवं बचाव पक्ष की दलीलें सुनने के बाद अदालत ने आरोपी ग्यानु तमांग को एनडीपीएस अधिनियम के तहत 20 साल का जेल और 1 लाख 20 हजार रुपए के जुर्माने की सजा सुनाई l'}","Fri, 04 Oct 2024 09:26:32 +0000","time.struct_time(tm_year=2024, tm_mon=10, tm_mday=4, tm_hour=9, tm_min=26, tm_sec=32, tm_wday=4, tm_yday=278, tm_isdst=0)","[{'url': 'https://images.bhaskarassets.com/thumb/1000x1000/web2images/521/2024/10/04/c03348d5-9272-44d0-b1c3-52e180a3a377_1728030479143.jpg', 'type': 'image/jpeg', 'width': '1000', 'height': '1000'}]",Dainik Bhaskar,Himachal,,,,2024-10-04 11:13:12.741430
"चंबा में 100 फीट गहरी खाई में गिरा ट्रक:चालक की मौत; सीमेंट लोड करके ले जा रहा था, मोड पर अचानक हुआ बेकाबू","{'type': 'text/plain', 'language': None, 'base': 'https://www.bhaskar.com/rss-v1--category-12084.xml', 'value': 'चंबा में 100 फीट गहरी खाई में गिरा ट्रक:चालक की मौत; सीमेंट लोड करके ले जा रहा था, मोड पर अचानक हुआ बेकाबू'}","[{'rel': 'alternate', 'type': 'text/html', 'href': 'https://www.bhaskar.com/local/himachal/chamba/bharmour/news/chamba-truck-fell-100-feet-deep-person-death-133748022.html'}, {'href': 'https://www.bhaskar.com/local/himachal/chamba/bharmour/news/chamba-truck-fell-100-feet-deep-person-death-133748022.html', 'rel': 'alternate', 'type': 'text/html'}]",https://www.bhaskar.com/local/himachal/chamba/bharmour/news/chamba-truck-fell-100-feet-deep-person-death-133748022.html,https://www.bhaskar.com/local/himachal/chamba/bharmour/news/chamba-truck-fell-100-feet-deep-person-death-133748022.html,False,"चंबा जिले में पठानकोट-भरमौर एनएच- 154ए पर हाडौठा चनेड के पास मोड पर ट्रक बेकाबू होकर 100 फीट गहरी खाई में गिर गया। हादसे में ट्रक चालक की मौके पर ही मौत हो गई है। सूचना मिलते ही पुलिस मौके पर पहुंची और मामले की जांच शुरू कर दी। मृतक की पहचान छिन्दू निवासी सतनाला गांव डाकघर मसरूड, जिला चंबा के तौर पर हुई। पुलिस ने घटनास्थल पर पहुंचकर शव को अपने कब्जे में लेकर चंबा मेडिकल कॉलेज में पोस्टमॉर्टम के लिए भेज दिया है। पुलिस के मुताबिक यह हादसा सुबह करीब साढ़े 10 बजे के आसपास हुआ है। पुलिस इस मामले को लेकर तफ्तीश में जुट गई है। ट्रक सीमेंट लेकर चंबा की तरफ जा रहा था। जाे हाडौठा चनेड के पास मोड पर बेकाबू होकर दुर्घटनाग्रस्त हो गया।","{'type': 'text/html', 'language': None, 'base': 'https://www.bhaskar.com/rss-v1--category-12084.xml', 'value': 'चंबा जिले में पठानकोट-भरमौर एनएच- 154ए पर हाडौठा चनेड के पास मोड पर ट्रक बेकाबू होकर 100 फीट गहरी खाई में गिर गया। हादसे में ट्रक चालक की मौके पर ही मौत हो गई है। सूचना मिलते ही पुलिस मौके पर पहुंची और मामले की जांच शुरू कर दी। मृतक की पहचान छिन्दू निवासी सतनाला गांव डाकघर मसरूड, जिला चंबा के तौर पर हुई। पुलिस ने घटनास्थल पर पहुंचकर शव को अपने कब्जे में लेकर चंबा मेडिकल कॉलेज में पोस्टमॉर्टम के लिए भेज दिया है। पुलिस के मुताबिक यह हादसा सुबह करीब साढ़े 10 बजे के आसपास हुआ है। पुलिस इस मामले को लेकर तफ्तीश में जुट गई है। ट्रक सीमेंट लेकर चंबा की तरफ जा रहा था। जाे हाडौठा चनेड के पास मोड पर बेकाबू होकर दुर्घटनाग्रस्त हो गया।'}","Fri, 04 Oct 2024 09:23:14 +0000","time.struct_time(tm_year=2024, tm_mon=10, tm_mday=4, tm_hour=9, tm_min=23, tm_sec=14, tm_wday=4, tm_yday=278, tm_isdst=0)","[{'url': 'https://images.bhaskarassets.com/thumb/1000x1000/web2images/521/2024/10/04/comp-102_1728033423.gif', 'type': 'image/gif', 'width': '1000', 'height': '1000'}]",Dainik Bhaskar,Himachal,,,,2024-10-04 11:13:12.741430
"पांवटा साहिब में बदमाशों ने नाबालिग को सुंघाया नशीला पदार्थ:किडनैप करके ले जा रहे थे, गाड़ी रोकी तो बच्चे ने भाग कर बचाई जान","{'type': 'text/plain', 'language': None, 'base': 'https://www.bhaskar.com/rss-v1--category-12084.xml', 'value': 'पांवटा साहिब में बदमाशों ने नाबालिग को सुंघाया नशीला पदार्थ:किडनैप करके ले जा रहे थे, गाड़ी रोकी तो बच्चे ने भाग कर बचाई जान'}","[{'rel': 'alternate', 'type': 'text/html', 'href': 'https://www.bhaskar.com/local/himachal/sirmaur/paonta-sahib/news/paonta-sahibattempt-to-kidnap-a-childcrime-news-133747349.html'}, {'href': 'https://www.bhaskar.com/local/himachal/sirmaur/paonta-sahib/news/paonta-sahibattempt-to-kidnap-a-childcrime-news-133747349.html', 'rel': 'alternate', 'type': 'text/html'}]",https://www.bhaskar.com/local/himachal/sirmaur/paonta-sahib/news/paonta-sahibattempt-to-kidnap-a-childcrime-news-133747349.html,https://www.bhaskar.com/local/himachal/sirmaur/paonta-sahib/news/paonta-sahibattempt-to-kidnap-a-childcrime-news-133747349.html,False,"हिमाचल के सिरमौर जिला के पांवटा साहिब में कुछ बदमाशों ने एक बच्चे को किडनैप कर लिया। उन्होंने बच्चे को नशीली दवा सुंघाई जिससे वह बेहोश हो गया, इसके बाद बदमाश उसे अपनी गाड़ी में बैठा कर ले जाने लगे। कुछ दूर बाद जब उन्होंने रास्ते में गाड़ी रोकी तब तक बच्चे को होश आ चुका था। मौका पाकर वह तुरंत गाड़ी से उतरकर भाग गया और एक दुकानदार के पास पहुंच कर खुद को बदमाशों से बचाया। इसकी सूचना पुलिस को दी गई, जिसके बाद पुलिस मौके पर पहुंच कर बच्चे को अपने साथ ले गई। एक दुकान पर भाग कर पहुंचा बच्चा
जिला सिरमौर के गिरिपार क्षेत्र के चांदनी गांव के 11 वर्षीय बच्चे का गुरुवार शाम अपहरण का प्रयास किया गया। जानकारी के अनुसार पांवटा थाने में एक व्यक्ति द्वारा फोन करके बताया गया कि उनकी दुकान में एक 11 साल का बच्चा आया है, जिसकी हालत खराब है। पुलिस ने तुरंत मौके पर पहुंचकर बच्चे को अपने कब्जे में लिया और थाने ले आए। थाना प्रभारी करतार सिंह ने बच्चे से पूछताछ की तो बच्चे ने अपना नाम मयंक, पिता का नाम अशोक निवासी चांदनी बताया। इस दौरान पुलिस ने बच्चे द्वारा दिए गए फोन नंबर पर फोन कर उनके परिजनों को थाने बुलाया। घर से सब्जी लेने गया था नाबालिग
बच्चे ने बताया कि कुछ लोग उसे दवाई सुंघा कर ले जा रहे थे, शातिर रास्ते में गाड़ी रोकने पर मासूम उनके चंगुल से निकल कर भाग गया। परिजनों के सामने मयंक ने पुलिस को बताया कि जब वह चांदनी में अपने घर से सब्जी लेने आया था, तो दो गाड़ी सवार व्यक्तियों ने उसे कुछ सुंघा कर बेहोश कर दिया और गाड़ी में चांदनी से पांवटा की तरफ ले आए। भेड़े वाला के पास जब उन्होंने गाड़ी रोकी तो बच्चा मौका देखकर पिछले दरवाजे से भाग गया और एक दुकान में जाकर अपनी जान बचाई। पुलिस ने मयंक का मेडिकल करवा कर परिजनों को सौंप दिया है। इस दौरान डीएसपी अदिति सिंह ने बताया कि पुलिस मामले में जांच कर रही है। सीसीटीवी फुटेज खंगाले जा रहे हैं, जल्द ही सच्चाई का पता लग जाएगा।","{'type': 'text/html', 'language': None, 'base': 'https://www.bhaskar.com/rss-v1--category-12084.xml', 'value': 'हिमाचल के सिरमौर जिला के पांवटा साहिब में कुछ बदमाशों ने एक बच्चे को किडनैप कर लिया। उन्होंने बच्चे को नशीली दवा सुंघाई जिससे वह बेहोश हो गया, इसके बाद बदमाश उसे अपनी गाड़ी में बैठा कर ले जाने लगे। कुछ दूर बाद जब उन्होंने रास्ते में गाड़ी रोकी तब तक बच्चे को होश आ चुका था। मौका पाकर वह तुरंत गाड़ी से उतरकर भाग गया और एक दुकानदार के पास पहुंच कर खुद को बदमाशों से बचाया। इसकी सूचना पुलिस को दी गई, जिसके बाद पुलिस मौके पर पहुंच कर बच्चे को अपने साथ ले गई। एक दुकान पर भाग कर पहुंचा बच्चा\nजिला सिरमौर के गिरिपार क्षेत्र के चांदनी गांव के 11 वर्षीय बच्चे का गुरुवार शाम अपहरण का प्रयास किया गया। जानकारी के अनुसार पांवटा थाने में एक व्यक्ति द्वारा फोन करके बताया गया कि उनकी दुकान में एक 11 साल का बच्चा आया है, जिसकी हालत खराब है। पुलिस ने तुरंत मौके पर पहुंचकर बच्चे को अपने कब्जे में लिया और थाने ले आए। थाना प्रभारी करतार सिंह ने बच्चे से पूछताछ की तो बच्चे ने अपना नाम मयंक, पिता का नाम अशोक निवासी चांदनी बताया। इस दौरान पुलिस ने बच्चे द्वारा दिए गए फोन नंबर पर फोन कर उनके परिजनों को थाने बुलाया। घर से सब्जी लेने गया था नाबालिग\nबच्चे ने बताया कि कुछ लोग उसे दवाई सुंघा कर ले जा रहे थे, शातिर रास्ते में गाड़ी रोकने पर मासूम उनके चंगुल से निकल कर भाग गया। परिजनों के सामने मयंक ने पुलिस को बताया कि जब वह चांदनी में अपने घर से सब्जी लेने आया था, तो दो गाड़ी सवार व्यक्तियों ने उसे कुछ सुंघा कर बेहोश कर दिया और गाड़ी में चांदनी से पांवटा की तरफ ले आए। भेड़े वाला के पास जब उन्होंने गाड़ी रोकी तो बच्चा मौका देखकर पिछले दरवाजे से भाग गया और एक दुकान में जाकर अपनी जान बचाई। पुलिस ने मयंक का मेडिकल करवा कर परिजनों को सौंप दिया है। इस दौरान डीएसपी अदिति सिंह ने बताया कि पुलिस मामले में जांच कर रही है। सीसीटीवी फुटेज खंगाले जा रहे हैं, जल्द ही सच्चाई का पता लग जाएगा।'}","Fri, 04 Oct 2024 05:57:03 +0000","time.struct_time(tm_year=2024, tm_mon=10, tm_mday=4, tm_hour=5, tm_min=57, tm_sec=3, tm_wday=4, tm_yday=278, tm_isdst=0)","[{'url': 'https://images.bhaskarassets.com/thumb/1000x1000/web2images/521/2024/10/04/c0ec6b04-a636-44fd-a181-f005052a8b33_1728011660656.jpg', 'type': 'image/jpeg', 'width': '1000', 'height': '1000'}]",Dainik Bhaskar,Himachal,,,,2024-10-04 11:13:12.741430
"मैक्लोडगंज में मां के साथ मांगी भीख, अब बनी डॉक्टर:चीन से MBBS की दोहरी डिग्री हासिल की; टोंग-लेन संस्था की पहली छात्रा","{'type': 'text/plain', 'language': None, 'base': 'https://www.bhaskar.com/rss-v1--category-12084.xml', 'value': 'मैक्लोडगंज में मां के साथ मांगी भीख, अब बनी डॉक्टर:चीन से MBBS की दोहरी डिग्री हासिल की; टोंग-लेन संस्था की पहली छात्रा'}","[{'rel': 'alternate', 'type': 'text/html', 'href': 'https://www.bhaskar.com/local/himachal/kangra/dharamshala/news/mcleodganj-tong-len-institution-pinky-haryan-story-kangra-news-133743649.html'}, {'href': 'https://www.bhaskar.com/local/himachal/kangra/dharamshala/news/mcleodganj-tong-len-institution-pinky-haryan-story-kangra-news-133743649.html', 'rel': 'alternate', 'type': 'text/html'}]",https://www.bhaskar.com/local/himachal/kangra/dharamshala/news/mcleodganj-tong-len-institution-pinky-haryan-story-kangra-news-133743649.html,https://www.bhaskar.com/local/himachal/kangra/dharamshala/news/mcleodganj-tong-len-institution-pinky-haryan-story-kangra-news-133743649.html,False,"तिब्बती धर्मार्थ संगठन टोंग-लेन की पहली छात्रा पिंकी हरयान ने MBBS की दोहरी डिग्री हासिल की है, जो न केवल उसके लिए बल्कि टोंग-लेन संगठन के लिए भी एक उपलब्धि है। कभी अपनी मां के साथ सड़कों पर भीख मांगने वाली पिंकी ने अब डॉक्टर बनने का अपना बचपन का सपना पूरा कर लिया है, एक ऐसा सफर जिसकी उसने कभी कल्पना भी नहीं की थी। धर्मशाला के मैक्लोडगंज में भगवान बुद्ध के मुख्य मठ के पास पर साढ़े चार साल की मासूम पिंकी हरयान कभी अपनी मां के साथ लोगों के आगे हाथ फैलाकर भीख मांगती थी। लेकिन बुद्ध की दया और करुणा के प्रतीक तिब्बती शरणार्थी भिक्षु जामयांग ने अन्य भीख मांगने और कूड़ा बीनने वाले बच्चों के साथ उसे भी अपना बच्चा बनाकर नई जिंदगी दे दी। चीन से हासिल की एमबीबीएस की डिग्री ठीक बीस साल बाद पिंकी हरयान चीन से बैचलर ऑफ मेडिसिन एंड बैचलर ऑफ सर्जरी (MBBS ) की कठिन पढ़ाई कर डॉक्टर बन चुकी है। पिंकी बताती है कि 2004 में वह अपनी मां कृष्णा के साथ मैक्लोडगंज में खासकर बुद्ध पूर्णिमा व अन्य त्योहारों पर बौद्ध मठ के पास भीख मांग रही थी। तभी बौद्ध भिक्षु जामयांग की नजर उन पर पड़ी। कुछ दिन बाद भिक्षु जामयांग दोरजे चरान खड्ड की झुग्गी-बस्ती में आए। जहां वह लोग रहते थे, और उसे पहचान लिया।  उन्होंने उसके पिता कश्मीरी लाल से अनुरोध किया कि वह पिंकी को पढ़ाई हेतु टोंगलेन चैरिटेबल ट्रस्ट के हॉस्टल में भेज दें। यह हॉस्टल चरान खड्ड की गंदी झुग्गियों में रहने वाले उन बच्चों के लिए था, जो भीख मांगते थे या फिर सड़कों पर कूड़ा बीनते थे। 2005 में टोंग-लेन छात्रावास में हुई शामिल कश्मीरी लाल बूट पॉलिश करते थे। पिंकी ने बताया कि 2005 में मुझे टोंग-लेन छात्रावास में शामिल होने के लिए चुना गया, जो छात्रों के पहले बैच का हिस्सा था। सड़कों पर रहने से लेकर छात्रावास में रहने तक का बदलाव अविश्वसनीय था। जॉइन होने के कुछ महीने मुझे पूरी तरह से समझ नहीं आया कि डॉक्टर बनने का क्या मतलब है, लेकिन फिर भी मैंने अपने सपने को आवाज़ दी। गरीबी में पली-बढ़ी एक बच्ची के लिए उसका सपना असंभव लग रहा था, लेकिन टोंग-लेन चैरिटेबल ट्रस्ट के ज़रिए उसे मिली शिक्षा, देखभाल और सहायता की वजह से यह सच हो गया। सिर्फ़ शिक्षाविदों से ज़्यादा, इस संगठन ने उसे करुणा, दया और मानवता की सेवा के प्रति प्रतिबद्धता के मूल्यों से परिचित कराया।","{'type': 'text/html', 'language': None, 'base': 'https://www.bhaskar.com/rss-v1--category-12084.xml', 'value': 'तिब्बती धर्मार्थ संगठन टोंग-लेन की पहली छात्रा पिंकी हरयान ने MBBS की दोहरी डिग्री हासिल की है, जो न केवल उसके लिए बल्कि टोंग-लेन संगठन के लिए भी एक उपलब्धि है। कभी अपनी मां के साथ सड़कों पर भीख मांगने वाली पिंकी ने अब डॉक्टर बनने का अपना बचपन का सपना पूरा कर लिया है, एक ऐसा सफर जिसकी उसने कभी कल्पना भी नहीं की थी। धर्मशाला के मैक्लोडगंज में भगवान बुद्ध के मुख्य मठ के पास पर साढ़े चार साल की मासूम पिंकी हरयान कभी अपनी मां के साथ लोगों के आगे हाथ फैलाकर भीख मांगती थी। लेकिन बुद्ध की दया और करुणा के प्रतीक तिब्बती शरणार्थी भिक्षु जामयांग ने अन्य भीख मांगने और कूड़ा बीनने वाले बच्चों के साथ उसे भी अपना बच्चा बनाकर नई जिंदगी दे दी। चीन से हासिल की एमबीबीएस की डिग्री ठीक बीस साल बाद पिंकी हरयान चीन से बैचलर ऑफ मेडिसिन एंड बैचलर ऑफ सर्जरी (MBBS ) की कठिन पढ़ाई कर डॉक्टर बन चुकी है। पिंकी बताती है कि 2004 में वह अपनी मां कृष्णा के साथ मैक्लोडगंज में खासकर बुद्ध पूर्णिमा व अन्य त्योहारों पर बौद्ध मठ के पास भीख मांग रही थी। तभी बौद्ध भिक्षु जामयांग की नजर उन पर पड़ी। कुछ दिन बाद भिक्षु जामयांग दोरजे चरान खड्ड की झुग्गी-बस्ती में आए। जहां वह लोग रहते थे, और उसे पहचान लिया।  उन्होंने उसके पिता कश्मीरी लाल से अनुरोध किया कि वह पिंकी को पढ़ाई हेतु टोंगलेन चैरिटेबल ट्रस्ट के हॉस्टल में भेज दें। यह हॉस्टल चरान खड्ड की गंदी झुग्गियों में रहने वाले उन बच्चों के लिए था, जो भीख मांगते थे या फिर सड़कों पर कूड़ा बीनते थे। 2005 में टोंग-लेन छात्रावास में हुई शामिल कश्मीरी लाल बूट पॉलिश करते थे। पिंकी ने बताया कि 2005 में मुझे टोंग-लेन छात्रावास में शामिल होने के लिए चुना गया, जो छात्रों के पहले बैच का हिस्सा था। सड़कों पर रहने से लेकर छात्रावास में रहने तक का बदलाव अविश्वसनीय था। जॉइन होने के कुछ महीने मुझे पूरी तरह से समझ नहीं आया कि डॉक्टर बनने का क्या मतलब है, लेकिन फिर भी मैंने अपने सपने को आवाज़ दी। गरीबी में पली-बढ़ी एक बच्ची के लिए उसका सपना असंभव लग रहा था, लेकिन टोंग-लेन चैरिटेबल ट्रस्ट के ज़रिए उसे मिली शिक्षा, देखभाल और सहायता की वजह से यह सच हो गया। सिर्फ़ शिक्षाविदों से ज़्यादा, इस संगठन ने उसे करुणा, दया और मानवता की सेवा के प्रति प्रतिबद्धता के मूल्यों से परिचित कराया।'}","Thu, 03 Oct 2024 15:35:02 +0000","time.struct_time(tm_year=2024, tm_mon=10, tm_mday=3, tm_hour=15, tm_min=35, tm_sec=2, tm_wday=3, tm_yday=277, tm_isdst=0)","[{'url': 'https://images.bhaskarassets.com/thumb/1000x1000/web2images/521/2024/10/03/fc708eeb-b548-4978-989a-697e45b76193_1727944495494.jpg', 'type': 'image/jpeg', 'width': '1000', 'height': '1000'}]",Dainik Bhaskar,Himachal,,,,2024-10-04 11:13:12.741430
