title,title_detail,summary,summary_detail,links,link,id,guidislink,authors,author,author_detail,published,published_parsed,media_content,Name,Section,Language,Twitter_URL,FB_URL,Fetched_At
"Who is Shailaja Paik, the Dalit scholar who was awarded Rs 67 lakh MacArthur 'genius' grant?","{'type': 'text/plain', 'language': None, 'base': 'https://rss.app/feeds/P8K5BBCE7t1JWZQ3.xml', 'value': ""Who is Shailaja Paik, the Dalit scholar who was awarded Rs 67 lakh MacArthur 'genius' grant?""}","<div><img src=""https://images.firstpost.com/uploads/2024/10/macarthur-shailaja-2024-10-55dddc41cc738605d78e539432caa3f4.jpg?im=FitAndFill=(1200,675)"" style=""width: 100%;"" /><div>India-born historian and author Shailaja Paik became the first Dalit scholar to be awarded the coveted MacArthur Fellowship, often called the ‘genius grant.’ The 50-year-old history professor recognised for her pioneering work in Dalit studies, gender, and sexuality in modern India, will receive an impressive $800,000 (approximately Rs 67 lakh) to support her ongoing research</div></div>","{'type': 'text/html', 'language': None, 'base': 'https://rss.app/feeds/P8K5BBCE7t1JWZQ3.xml', 'value': '<div><img src=""https://images.firstpost.com/uploads/2024/10/macarthur-shailaja-2024-10-55dddc41cc738605d78e539432caa3f4.jpg?im=FitAndFill=(1200,675)"" style=""width: 100%;"" /><div>India-born historian and author Shailaja Paik became the first Dalit scholar to be awarded the coveted MacArthur Fellowship, often called the ‘genius grant.’ The 50-year-old history professor recognised for her pioneering work in Dalit studies, gender, and sexuality in modern India, will receive an impressive $800,000 (approximately Rs 67 lakh) to support her ongoing research</div></div>'}","[{'rel': 'alternate', 'type': 'text/html', 'href': 'https://www.firstpost.com/explainers/who-is-shailaja-paik-the-dalit-scholar-who-is-awarded-rs-67-lakh-macarthur-genius-grant-13822044.html'}]",https://www.firstpost.com/explainers/who-is-shailaja-paik-the-dalit-scholar-who-is-awarded-rs-67-lakh-macarthur-genius-grant-13822044.html,c574e67fff26f2754da71d64a4d3257a,False,[{'name': 'FP Explainers'}],FP Explainers,{'name': 'FP Explainers'},"Fri, 04 Oct 2024 12:17:27 GMT","time.struct_time(tm_year=2024, tm_mon=10, tm_mday=4, tm_hour=12, tm_min=17, tm_sec=27, tm_wday=4, tm_yday=278, tm_isdst=0)","[{'medium': 'image', 'url': 'https://images.firstpost.com/uploads/2024/10/macarthur-shailaja-2024-10-55dddc41cc738605d78e539432caa3f4.jpg?im=FitAndFill=(1200,675)'}]",Google News,Dalit ,,,,2024-10-04 11:12:55.974134
Amethi Dalit family murder: Opposition slams Yogi Adityanath government over law and order situation,"{'type': 'text/plain', 'language': None, 'base': 'https://rss.app/feeds/P8K5BBCE7t1JWZQ3.xml', 'value': 'Amethi Dalit family murder: Opposition slams Yogi Adityanath government over law and order situation'}","<div><img src=""https://images.deccanherald.com/deccanherald%2F2024-10-04%2Fjwhmhz0x%2Ffile7xgcb1akrlv86089la3.jpg?rect=0%2C0%2C482%2C253&amp;w=1200&amp;ar=40%3A21&amp;auto=format%2Ccompress&amp;ogImage=true&amp;mode=crop"" style=""width: 100%;"" /></div>","{'type': 'text/html', 'language': None, 'base': 'https://rss.app/feeds/P8K5BBCE7t1JWZQ3.xml', 'value': '<div><img src=""https://images.deccanherald.com/deccanherald%2F2024-10-04%2Fjwhmhz0x%2Ffile7xgcb1akrlv86089la3.jpg?rect=0%2C0%2C482%2C253&amp;w=1200&amp;ar=40%3A21&amp;auto=format%2Ccompress&amp;ogImage=true&amp;mode=crop"" style=""width: 100%;"" /></div>'}","[{'rel': 'alternate', 'type': 'text/html', 'href': 'https://www.deccanherald.com/india/uttar-pradesh/amethi-dalit-family-murder-opposition-slams-yogi-adityanath-government-over-law-and-order-situation-3219749'}]",https://www.deccanherald.com/india/uttar-pradesh/amethi-dalit-family-murder-opposition-slams-yogi-adityanath-government-over-law-and-order-situation-3219749,3717af286ffa23b1b3c620e8f9948370,False,[{'name': 'PTI'}],PTI,{'name': 'PTI'},"Fri, 04 Oct 2024 12:12:11 GMT","time.struct_time(tm_year=2024, tm_mon=10, tm_mday=4, tm_hour=12, tm_min=12, tm_sec=11, tm_wday=4, tm_yday=278, tm_isdst=0)","[{'medium': 'image', 'url': 'https://images.deccanherald.com/deccanherald%2F2024-10-04%2Fjwhmhz0x%2Ffile7xgcb1akrlv86089la3.jpg?rect=0%2C0%2C482%2C253&w=1200&ar=40%3A21&auto=format%2Ccompress&ogImage=true&mode=crop'}]",Google News,Dalit ,,,,2024-10-04 11:12:55.974134
Amethi Dalit murder: Opposition slams Yogi govt over law and order situation,"{'type': 'text/plain', 'language': None, 'base': 'https://rss.app/feeds/P8K5BBCE7t1JWZQ3.xml', 'value': 'Amethi Dalit murder: Opposition slams Yogi govt over law and order situation'}","<div><img src=""https://cdn.siasat.com/wp-content/uploads/2024/06/Untitled-design-10-3.jpg"" style=""width: 100%;"" /><div>Lucknow: Opposition leaders in Uttar Pradesh on Friday, October 4 attacked the BJP-led state government over the law and order situation in the state,</div></div>","{'type': 'text/html', 'language': None, 'base': 'https://rss.app/feeds/P8K5BBCE7t1JWZQ3.xml', 'value': '<div><img src=""https://cdn.siasat.com/wp-content/uploads/2024/06/Untitled-design-10-3.jpg"" style=""width: 100%;"" /><div>Lucknow: Opposition leaders in Uttar Pradesh on Friday, October 4 attacked the BJP-led state government over the law and order situation in the state,</div></div>'}","[{'rel': 'alternate', 'type': 'text/html', 'href': 'https://www.siasat.com/amethi-dalit-murder-opposition-slams-yogi-govt-over-law-and-order-situation-3107524/'}]",https://www.siasat.com/amethi-dalit-murder-opposition-slams-yogi-govt-over-law-and-order-situation-3107524/,ee5b85c8f7748c9aed8e5f4a96e43b44,False,[{'name': 'Press Trust of India'}],Press Trust of India,{'name': 'Press Trust of India'},"Fri, 04 Oct 2024 10:45:57 GMT","time.struct_time(tm_year=2024, tm_mon=10, tm_mday=4, tm_hour=10, tm_min=45, tm_sec=57, tm_wday=4, tm_yday=278, tm_isdst=0)","[{'medium': 'image', 'url': 'https://cdn.siasat.com/wp-content/uploads/2024/06/Untitled-design-10-3.jpg'}]",Google News,Dalit ,,,,2024-10-04 11:12:55.974134
"Amethi killings: Dalit man reaches Rae Bareli with bodies, speaks to Rahul on phone","{'type': 'text/plain', 'language': None, 'base': 'https://rss.app/feeds/P8K5BBCE7t1JWZQ3.xml', 'value': 'Amethi killings: Dalit man reaches Rae Bareli with bodies, speaks to Rahul on phone'}","<div><img src=""https://images.deccanherald.com/deccanherald%2F2024-10-04%2F8o0yr4zi%2FScreenshot-2.png?rect=0%2C27%2C1440%2C756&amp;w=1200&amp;ar=40%3A21&amp;auto=format%2Ccompress&amp;ogImage=true&amp;mode=crop"" style=""width: 100%;"" /></div>","{'type': 'text/html', 'language': None, 'base': 'https://rss.app/feeds/P8K5BBCE7t1JWZQ3.xml', 'value': '<div><img src=""https://images.deccanherald.com/deccanherald%2F2024-10-04%2F8o0yr4zi%2FScreenshot-2.png?rect=0%2C27%2C1440%2C756&amp;w=1200&amp;ar=40%3A21&amp;auto=format%2Ccompress&amp;ogImage=true&amp;mode=crop"" style=""width: 100%;"" /></div>'}","[{'rel': 'alternate', 'type': 'text/html', 'href': 'https://www.deccanherald.com/india/uttar-pradesh/amethi-killings-dalit-man-reaches-rae-bareli-with-bodies-speaks-to-rahul-on-phone-3219490'}]",https://www.deccanherald.com/india/uttar-pradesh/amethi-killings-dalit-man-reaches-rae-bareli-with-bodies-speaks-to-rahul-on-phone-3219490,5fe0cc8ced1a60aae77b3ec127d7c6f5,False,[{'name': 'PTI'}],PTI,{'name': 'PTI'},"Fri, 04 Oct 2024 09:49:13 GMT","time.struct_time(tm_year=2024, tm_mon=10, tm_mday=4, tm_hour=9, tm_min=49, tm_sec=13, tm_wday=4, tm_yday=278, tm_isdst=0)","[{'medium': 'image', 'url': 'https://images.deccanherald.com/deccanherald%2F2024-10-04%2F8o0yr4zi%2FScreenshot-2.png?rect=0%2C27%2C1440%2C756&w=1200&ar=40%3A21&auto=format%2Ccompress&ogImage=true&mode=crop'}]",Google News,Dalit ,,,,2024-10-04 11:12:55.974134
"Tanwar asks Dalits, backward classes to ensure big mandate for Congress in Haryana","{'type': 'text/plain', 'language': None, 'base': 'https://rss.app/feeds/P8K5BBCE7t1JWZQ3.xml', 'value': 'Tanwar asks Dalits, backward classes to ensure big mandate for Congress in Haryana'}","<div><img src=""https://th-i.thgim.com/public/incoming/afzeny/article68717309.ece/alternates/LANDSCAPE_1200/PTI10_5_2019_000168B.jpg"" style=""width: 100%;"" /><div>Former MP Ashok Tanwar returns to Congress, urges Haryana to vote for party in Assembly polls for national message.</div></div>","{'type': 'text/html', 'language': None, 'base': 'https://rss.app/feeds/P8K5BBCE7t1JWZQ3.xml', 'value': '<div><img src=""https://th-i.thgim.com/public/incoming/afzeny/article68717309.ece/alternates/LANDSCAPE_1200/PTI10_5_2019_000168B.jpg"" style=""width: 100%;"" /><div>Former MP Ashok Tanwar returns to Congress, urges Haryana to vote for party in Assembly polls for national message.</div></div>'}","[{'rel': 'alternate', 'type': 'text/html', 'href': 'https://www.thehindu.com/elections/haryana-assembly/tanwar-asks-dalits-backward-classes-to-ensure-big-mandate-for-congress-in-haryana/article68717269.ece'}]",https://www.thehindu.com/elections/haryana-assembly/tanwar-asks-dalits-backward-classes-to-ensure-big-mandate-for-congress-in-haryana/article68717269.ece,98ef99014e41c4adf2f9e289d0e98139,False,[{'name': 'The Hindu'}],The Hindu,{'name': 'The Hindu'},"Fri, 04 Oct 2024 09:22:24 GMT","time.struct_time(tm_year=2024, tm_mon=10, tm_mday=4, tm_hour=9, tm_min=22, tm_sec=24, tm_wday=4, tm_yday=278, tm_isdst=0)","[{'medium': 'image', 'url': 'https://th-i.thgim.com/public/incoming/afzeny/article68717309.ece/alternates/LANDSCAPE_1200/PTI10_5_2019_000168B.jpg'}]",Google News,Dalit ,,,,2024-10-04 11:12:55.974134
"Amethi Horror: Rahul Gandhi Speaks To Dalit Man Whose Son, Daughter-In-Law & 2 Granddaughters Were Shot Dead By Unknown Men; (Video)","{'type': 'text/plain', 'language': None, 'base': 'https://rss.app/feeds/P8K5BBCE7t1JWZQ3.xml', 'value': 'Amethi Horror: Rahul Gandhi Speaks To Dalit Man Whose Son, Daughter-In-Law & 2 Granddaughters Were Shot Dead By Unknown Men; (Video)'}","<div><img src=""https://media.assettype.com/freepressjournal/2024-10-04/7vxlirz7/Hero-Image-2024-10-04T144539.651.jpg"" style=""width: 100%;"" /><div>Amethi MP Kishori Lal, who came to Rae Bareli at Gandhi's behest, arranged the phone call, which lasted about three minutes according to visuals.</div></div>","{'type': 'text/html', 'language': None, 'base': 'https://rss.app/feeds/P8K5BBCE7t1JWZQ3.xml', 'value': '<div><img src=""https://media.assettype.com/freepressjournal/2024-10-04/7vxlirz7/Hero-Image-2024-10-04T144539.651.jpg"" style=""width: 100%;"" /><div>Amethi MP Kishori Lal, who came to Rae Bareli at Gandhi\'s behest, arranged the phone call, which lasted about three minutes according to visuals.</div></div>'}","[{'rel': 'alternate', 'type': 'text/html', 'href': 'https://www.freepressjournal.in/india/amethi-horror-rahul-gandhi-speaks-to-dalit-man-whose-son-daughter-in-law-2-granddaughters-were-shot-dead-by-unknown-men-video'}]",https://www.freepressjournal.in/india/amethi-horror-rahul-gandhi-speaks-to-dalit-man-whose-son-daughter-in-law-2-granddaughters-were-shot-dead-by-unknown-men-video,d3aaf0a2eb4eba81c1c93647a4182a89,False,[{'name': 'PTI'}],PTI,{'name': 'PTI'},"Fri, 04 Oct 2024 09:19:00 GMT","time.struct_time(tm_year=2024, tm_mon=10, tm_mday=4, tm_hour=9, tm_min=19, tm_sec=0, tm_wday=4, tm_yday=278, tm_isdst=0)","[{'medium': 'image', 'url': 'https://media.assettype.com/freepressjournal/2024-10-04/7vxlirz7/Hero-Image-2024-10-04T144539.651.jpg'}]",Google News,Dalit ,,,,2024-10-04 11:12:55.974134
Amethi Dalit family's chilling murder: Father says son's killer must suffer same fate,"{'type': 'text/plain', 'language': None, 'base': 'https://rss.app/feeds/P8K5BBCE7t1JWZQ3.xml', 'value': ""Amethi Dalit family's chilling murder: Father says son's killer must suffer same fate""}","<div><img src=""https://www.hindustantimes.com/ht-img/img/2024/10/04/1600x900/amethi_1728030332135_1728030349133.jfif"" style=""width: 100%;"" /><div>A government school teacher, his wife and two kids were shot dead in their home by an unknown shooter in Uttar Pradesh's Amethi on Thursday.</div></div>","{'type': 'text/html', 'language': None, 'base': 'https://rss.app/feeds/P8K5BBCE7t1JWZQ3.xml', 'value': '<div><img src=""https://www.hindustantimes.com/ht-img/img/2024/10/04/1600x900/amethi_1728030332135_1728030349133.jfif"" style=""width: 100%;"" /><div>A government school teacher, his wife and two kids were shot dead in their home by an unknown shooter in Uttar Pradesh\'s Amethi on Thursday.</div></div>'}","[{'rel': 'alternate', 'type': 'text/html', 'href': 'https://www.hindustantimes.com/india-news/amethi-dalit-familys-chilling-murder-father-says-sons-killer-must-suffer-same-fate-101728024088868.html'}]",https://www.hindustantimes.com/india-news/amethi-dalit-familys-chilling-murder-father-says-sons-killer-must-suffer-same-fate-101728024088868.html,b07c0d2d06930079135699a060992011,False,[{'name': 'HT News Desk'}],HT News Desk,{'name': 'HT News Desk'},"Fri, 04 Oct 2024 08:37:15 GMT","time.struct_time(tm_year=2024, tm_mon=10, tm_mday=4, tm_hour=8, tm_min=37, tm_sec=15, tm_wday=4, tm_yday=278, tm_isdst=0)","[{'medium': 'image', 'url': 'https://www.hindustantimes.com/ht-img/img/2024/10/04/1600x900/amethi_1728030332135_1728030349133.jfif'}]",Google News,Dalit ,,,,2024-10-04 11:12:55.974134
"Who is Shailaja Paik, the Dalit Professor from the University of Cincinnati Recognized as a MacArthur Fellow?","{'type': 'text/plain', 'language': None, 'base': 'https://rss.app/feeds/P8K5BBCE7t1JWZQ3.xml', 'value': 'Who is Shailaja Paik, the Dalit Professor from the University of Cincinnati Recognized as a MacArthur Fellow?'}","<div><img src=""https://static.toiimg.com/thumb/msid-113933785,width-1070,height-580,imgsize-6056,resizemode-75,overlay-toi_sw,pt-32,y_pad-40/photo.jpg"" style=""width: 100%;"" /><div>News News: Indian-American historian Shailaja Paik, a professor at the University of Cincinnati, has been named one of Ohio’s 10 MacArthur Fellows and is the fir</div></div>","{'type': 'text/html', 'language': None, 'base': 'https://rss.app/feeds/P8K5BBCE7t1JWZQ3.xml', 'value': '<div><img src=""https://static.toiimg.com/thumb/msid-113933785,width-1070,height-580,imgsize-6056,resizemode-75,overlay-toi_sw,pt-32,y_pad-40/photo.jpg"" style=""width: 100%;"" /><div>News News: Indian-American historian Shailaja Paik, a professor at the University of Cincinnati, has been named one of Ohio’s 10 MacArthur Fellows and is the fir</div></div>'}","[{'rel': 'alternate', 'type': 'text/html', 'href': 'https://timesofindia.indiatimes.com/education/news/who-is-shailaja-paik-the-dalit-professor-from-the-university-of-cincinnati-recognized-as-a-macarthur-fellow/articleshow/113933803.cms'}]",https://timesofindia.indiatimes.com/education/news/who-is-shailaja-paik-the-dalit-professor-from-the-university-of-cincinnati-recognized-as-a-macarthur-fellow/articleshow/113933803.cms,0a7463f8426829e5939f38a8bd4e4bca,False,[{'name': 'Trisha Tewari'}],Trisha Tewari,{'name': 'Trisha Tewari'},"Fri, 04 Oct 2024 08:35:00 GMT","time.struct_time(tm_year=2024, tm_mon=10, tm_mday=4, tm_hour=8, tm_min=35, tm_sec=0, tm_wday=4, tm_yday=278, tm_isdst=0)","[{'medium': 'image', 'url': 'https://static.toiimg.com/thumb/msid-113933785,width-1070,height-580,imgsize-6056,resizemode-75,overlay-toi_sw,pt-32,y_pad-40/photo.jpg'}]",Google News,Dalit ,,,,2024-10-04 11:12:55.974134
Tanwar asks Dalits backward classes to ensure big mandate for Congress in Haryana,"{'type': 'text/plain', 'language': None, 'base': 'https://rss.app/feeds/P8K5BBCE7t1JWZQ3.xml', 'value': 'Tanwar asks Dalits backward classes to ensure big mandate for Congress in Haryana'}","<div><img src=""https://www.theweek.in/content/dam/week/wire-updates/the-week-pti-wire-updates.jpg"" style=""width: 100%;"" /><div>(This story has not been edited by THE WEEK and is auto-generated from a PTI</div></div>","{'type': 'text/html', 'language': None, 'base': 'https://rss.app/feeds/P8K5BBCE7t1JWZQ3.xml', 'value': '<div><img src=""https://www.theweek.in/content/dam/week/wire-updates/the-week-pti-wire-updates.jpg"" style=""width: 100%;"" /><div>(This story has not been edited by THE WEEK and is auto-generated from a PTI</div></div>'}","[{'rel': 'alternate', 'type': 'text/html', 'href': 'https://www.theweek.in/wire-updates/national/2024/10/04/del24-cong-tanwar.html'}]",https://www.theweek.in/wire-updates/national/2024/10/04/del24-cong-tanwar.html,9ad0715703b3a4e3fbadc35b9dd11b89,False,[{'name': 'PTI'}],PTI,{'name': 'PTI'},"Fri, 04 Oct 2024 08:28:02 GMT","time.struct_time(tm_year=2024, tm_mon=10, tm_mday=4, tm_hour=8, tm_min=28, tm_sec=2, tm_wday=4, tm_yday=278, tm_isdst=0)","[{'medium': 'image', 'url': 'https://www.theweek.in/content/dam/week/wire-updates/the-week-pti-wire-updates.jpg'}]",Google News,Dalit ,,,,2024-10-04 11:12:55.974134
Indian-American professor Shailaja Paik receives US Genius Grant on Dalit studies,"{'type': 'text/plain', 'language': None, 'base': 'https://rss.app/feeds/P8K5BBCE7t1JWZQ3.xml', 'value': 'Indian-American professor Shailaja Paik receives US Genius Grant on Dalit studies'}","<div><img src=""https://static.toiimg.com/thumb/msid-113930344,width-1070,height-580,imgsize-539665,resizemode-75,overlay-toi_sw,pt-32,y_pad-40/photo.jpg"" style=""width: 100%;"" /><div>US News: Historian and a professor at University of Cincinnati, Shailaja Paik has received a $800,000 ""genius"" grant from Mc Arthur Foundation for writing abou.</div></div>","{'type': 'text/html', 'language': None, 'base': 'https://rss.app/feeds/P8K5BBCE7t1JWZQ3.xml', 'value': '<div><img src=""https://static.toiimg.com/thumb/msid-113930344,width-1070,height-580,imgsize-539665,resizemode-75,overlay-toi_sw,pt-32,y_pad-40/photo.jpg"" style=""width: 100%;"" /><div>US News: Historian and a professor at University of Cincinnati, Shailaja Paik has received a $800,000 ""genius"" grant from Mc Arthur Foundation for writing abou.</div></div>'}","[{'rel': 'alternate', 'type': 'text/html', 'href': 'https://timesofindia.indiatimes.com/world/us/indian-american-professor-shailaja-paik-receives-us-genius-grant-on-dalit-studies/articleshow/113929537.cms'}]",https://timesofindia.indiatimes.com/world/us/indian-american-professor-shailaja-paik-receives-us-genius-grant-on-dalit-studies/articleshow/113929537.cms,348de8446b0f29af1344c8daf50c0baa,False,[{'name': 'TOI World Desk'}],TOI World Desk,{'name': 'TOI World Desk'},"Fri, 04 Oct 2024 06:51:00 GMT","time.struct_time(tm_year=2024, tm_mon=10, tm_mday=4, tm_hour=6, tm_min=51, tm_sec=0, tm_wday=4, tm_yday=278, tm_isdst=0)","[{'medium': 'image', 'url': 'https://static.toiimg.com/thumb/msid-113930344,width-1070,height-580,imgsize-539665,resizemode-75,overlay-toi_sw,pt-32,y_pad-40/photo.jpg'}]",Google News,Dalit ,,,,2024-10-04 11:12:55.974134
"Historian Shailaja Paik becomes first Dalit to receive a US Genius Grant, says ""It is fantastic reminder of...""","{'type': 'text/plain', 'language': None, 'base': 'https://rss.app/feeds/P8K5BBCE7t1JWZQ3.xml', 'value': 'Historian Shailaja Paik becomes first Dalit to receive a US Genius Grant, says ""It is fantastic reminder of...""'}","<div><img src=""https://cdn.dnaindia.com/sites/default/files/styles/full/public/2024/10/04/2655778-shailaja-paik.png"" style=""width: 100%;"" /><div>Maharashtra-born Shailaja Paik received the coveted MacArthur Fellowship of $800,000 for her pioneering work on Dalit, gender and sexuality studies in Cincinnati, USA.</div></div>","{'type': 'text/html', 'language': None, 'base': 'https://rss.app/feeds/P8K5BBCE7t1JWZQ3.xml', 'value': '<div><img src=""https://cdn.dnaindia.com/sites/default/files/styles/full/public/2024/10/04/2655778-shailaja-paik.png"" style=""width: 100%;"" /><div>Maharashtra-born Shailaja Paik received the coveted MacArthur Fellowship of $800,000 for her pioneering work on Dalit, gender and sexuality studies in Cincinnati, USA.</div></div>'}","[{'rel': 'alternate', 'type': 'text/html', 'href': 'https://www.dnaindia.com/india/report-historian-shailaja-paik-becomes-first-dalit-to-receive-a-us-genius-grant-says-it-is-fantastic-reminder-of-3111326'}]",https://www.dnaindia.com/india/report-historian-shailaja-paik-becomes-first-dalit-to-receive-a-us-genius-grant-says-it-is-fantastic-reminder-of-3111326,e63f1a070f56242fc6eb1ddbfc690405,False,[{'name': 'Varsha Agarwal'}],Varsha Agarwal,{'name': 'Varsha Agarwal'},"Fri, 04 Oct 2024 05:59:57 GMT","time.struct_time(tm_year=2024, tm_mon=10, tm_mday=4, tm_hour=5, tm_min=59, tm_sec=57, tm_wday=4, tm_yday=278, tm_isdst=0)","[{'medium': 'image', 'url': 'https://cdn.dnaindia.com/sites/default/files/styles/full/public/2024/10/04/2655778-shailaja-paik.png'}]",Google News,Dalit ,,,,2024-10-04 11:12:55.974134
"Jailed for ‘assaulting’ Dalit man, MLA’s son clinches vice-chairman post in cooperative bank elections","{'type': 'text/plain', 'language': None, 'base': 'https://rss.app/feeds/P8K5BBCE7t1JWZQ3.xml', 'value': 'Jailed for ‘assaulting’ Dalit man, MLA’s son clinches vice-chairman post in cooperative bank elections'}","<div><img src=""https://images.indianexpress.com/2024/10/Jyotiradityasinh-Jadeja.jpg"" style=""width: 100%;"" /><div>Also granted bail by the Gujarat High Court in the assault, kidnapping case</div></div>","{'type': 'text/html', 'language': None, 'base': 'https://rss.app/feeds/P8K5BBCE7t1JWZQ3.xml', 'value': '<div><img src=""https://images.indianexpress.com/2024/10/Jyotiradityasinh-Jadeja.jpg"" style=""width: 100%;"" /><div>Also granted bail by the Gujarat High Court in the assault, kidnapping case</div></div>'}","[{'rel': 'alternate', 'type': 'text/html', 'href': 'https://indianexpress.com/article/cities/ahmedabad/jailed-for-assaulting-dalit-man-mlas-son-clinches-vice-chairman-post-in-cooperative-bank-elections-9602581/'}]",https://indianexpress.com/article/cities/ahmedabad/jailed-for-assaulting-dalit-man-mlas-son-clinches-vice-chairman-post-in-cooperative-bank-elections-9602581/,4f680d0a019ce0bde615c2990469b9d8,False,[{'name': 'Gopal B Kateshiya'}],Gopal B Kateshiya,{'name': 'Gopal B Kateshiya'},"Fri, 04 Oct 2024 00:04:18 GMT","time.struct_time(tm_year=2024, tm_mon=10, tm_mday=4, tm_hour=0, tm_min=4, tm_sec=18, tm_wday=4, tm_yday=278, tm_isdst=0)","[{'medium': 'image', 'url': 'https://images.indianexpress.com/2024/10/Jyotiradityasinh-Jadeja.jpg'}]",Google News,Dalit ,,,,2024-10-04 11:12:55.974134
Dalit Scholar Shailaja Paik: Indian-Origin historian among recipients of MacArthur Foundation’s 2024 'Genius Grant',"{'type': 'text/plain', 'language': None, 'base': 'https://rss.app/feeds/P8K5BBCE7t1JWZQ3.xml', 'value': ""Dalit Scholar Shailaja Paik: Indian-Origin historian among recipients of MacArthur Foundation’s 2024 'Genius Grant'""}","<div><img src=""https://static-bestcolleges.tosshub.com/2024/News/9ifiYJ8RPaEXuwoAN4n0VwWKWbmBJOkgEX3resGz.jpg"" style=""width: 100%;"" /><div>Fellows are selected through a year-long nomination process, with input from their peers and communities, without knowing they have been nominated until chosen for the award</div></div>","{'type': 'text/html', 'language': None, 'base': 'https://rss.app/feeds/P8K5BBCE7t1JWZQ3.xml', 'value': '<div><img src=""https://static-bestcolleges.tosshub.com/2024/News/9ifiYJ8RPaEXuwoAN4n0VwWKWbmBJOkgEX3resGz.jpg"" style=""width: 100%;"" /><div>Fellows are selected through a year-long nomination process, with input from their peers and communities, without knowing they have been nominated until chosen for the award</div></div>'}","[{'rel': 'alternate', 'type': 'text/html', 'href': 'https://bestcolleges.indiatoday.in/news-detail/dalit-scholar-shailaja-paik-indian-origin-historian-among-recipients-of-macarthur-foundations-2024-genius-grant'}]",https://bestcolleges.indiatoday.in/news-detail/dalit-scholar-shailaja-paik-indian-origin-historian-among-recipients-of-macarthur-foundations-2024-genius-grant,ee3e41d1c077b164c3ad014c2ba22f67,False,[{'name': 'indiatoday'}],indiatoday,{'name': 'indiatoday'},"Fri, 04 Oct 2024 00:00:00 GMT","time.struct_time(tm_year=2024, tm_mon=10, tm_mday=4, tm_hour=0, tm_min=0, tm_sec=0, tm_wday=4, tm_yday=278, tm_isdst=0)","[{'medium': 'image', 'url': 'https://static-bestcolleges.tosshub.com/2024/News/9ifiYJ8RPaEXuwoAN4n0VwWKWbmBJOkgEX3resGz.jpg'}]",Google News,Dalit ,,,,2024-10-04 11:12:55.974134
"How Dalit, OBC votes could be a gamechanger in Haryana polls","{'type': 'text/plain', 'language': None, 'base': 'https://rss.app/feeds/P8K5BBCE7t1JWZQ3.xml', 'value': 'How Dalit, OBC votes could be a gamechanger in Haryana polls'}","<div><img src=""https://static.toiimg.com/thumb/msid-113919211,width-1070,height-580,imgsize-1348592,resizemode-75,overlay-toi_sw,pt-32,y_pad-40/photo.jpg"" style=""width: 100%;"" /><div>Manju Devi and others from lower castes in Haryana express disillusionment over lack of job opportunities and political neglect. Despite poor developm</div></div>","{'type': 'text/html', 'language': None, 'base': 'https://rss.app/feeds/P8K5BBCE7t1JWZQ3.xml', 'value': '<div><img src=""https://static.toiimg.com/thumb/msid-113919211,width-1070,height-580,imgsize-1348592,resizemode-75,overlay-toi_sw,pt-32,y_pad-40/photo.jpg"" style=""width: 100%;"" /><div>Manju Devi and others from lower castes in Haryana express disillusionment over lack of job opportunities and political neglect. Despite poor developm</div></div>'}","[{'rel': 'alternate', 'type': 'text/html', 'href': 'https://timesofindia.indiatimes.com/india/how-dalit-obc-votes-could-be-a-gamechanger-in-haryana-polls/articleshow/113919146.cms'}]",https://timesofindia.indiatimes.com/india/how-dalit-obc-votes-could-be-a-gamechanger-in-haryana-polls/articleshow/113919146.cms,1a94bc55365b4f28b53e290d05262f98,False,[{'name': 'Mudita Girotra'}],Mudita Girotra,{'name': 'Mudita Girotra'},"Thu, 03 Oct 2024 21:40:00 GMT","time.struct_time(tm_year=2024, tm_mon=10, tm_mday=3, tm_hour=21, tm_min=40, tm_sec=0, tm_wday=3, tm_yday=277, tm_isdst=0)","[{'medium': 'image', 'url': 'https://static.toiimg.com/thumb/msid-113919211,width-1070,height-580,imgsize-1348592,resizemode-75,overlay-toi_sw,pt-32,y_pad-40/photo.jpg'}]",Google News,Dalit ,,,,2024-10-04 11:12:55.974134
Congress High Command rallies behind Young Dalit Leader with Priyanka Gandhi Mega Rally | Chandigarh News,"{'type': 'text/plain', 'language': None, 'base': 'https://rss.app/feeds/P8K5BBCE7t1JWZQ3.xml', 'value': 'Congress High Command rallies behind Young Dalit Leader with Priyanka Gandhi Mega Rally | Chandigarh News'}","<div><img src=""https://static.toiimg.com/thumb/msid-113915675,width-1070,height-580,imgsize-829307,resizemode-75,overlay-toi_sw,pt-32,y_pad-40/photo.jpg"" style=""width: 100%;"" /><div>Priyanka Gandhi's rally invigorates support for young Dalit leader Pradeep Narwal in Bawani Khera. Despite initial skepticism as an outsider, Narwal's</div></div>","{'type': 'text/html', 'language': None, 'base': 'https://rss.app/feeds/P8K5BBCE7t1JWZQ3.xml', 'value': '<div><img src=""https://static.toiimg.com/thumb/msid-113915675,width-1070,height-580,imgsize-829307,resizemode-75,overlay-toi_sw,pt-32,y_pad-40/photo.jpg"" style=""width: 100%;"" /><div>Priyanka Gandhi\'s rally invigorates support for young Dalit leader Pradeep Narwal in Bawani Khera. Despite initial skepticism as an outsider, Narwal\'s</div></div>'}","[{'rel': 'alternate', 'type': 'text/html', 'href': 'https://timesofindia.indiatimes.com/city/chandigarh/congress-high-command-rallies-behind-young-dalit-leader-with-priyanka-gandhi-mega-rally/articleshow/113915672.cms'}]",https://timesofindia.indiatimes.com/city/chandigarh/congress-high-command-rallies-behind-young-dalit-leader-with-priyanka-gandhi-mega-rally/articleshow/113915672.cms,981202ea67ca7c90922e81f236a8e26b,False,[{'name': 'VIJENDER KUMAR'}],VIJENDER KUMAR,{'name': 'VIJENDER KUMAR'},"Thu, 03 Oct 2024 16:49:00 GMT","time.struct_time(tm_year=2024, tm_mon=10, tm_mday=3, tm_hour=16, tm_min=49, tm_sec=0, tm_wday=3, tm_yday=277, tm_isdst=0)","[{'medium': 'image', 'url': 'https://static.toiimg.com/thumb/msid-113915675,width-1070,height-580,imgsize-829307,resizemode-75,overlay-toi_sw,pt-32,y_pad-40/photo.jpg'}]",Google News,Dalit ,,,,2024-10-04 11:12:55.974134
Haryana Dalit Leader Ashok Tanwar’s Sudden Congress Comeback Magnifies ‘20% Poll Plan’ of Parties,"{'type': 'text/plain', 'language': None, 'base': 'https://rss.app/feeds/P8K5BBCE7t1JWZQ3.xml', 'value': 'Haryana Dalit Leader Ashok Tanwar’s Sudden Congress Comeback Magnifies ‘20% Poll Plan’ of Parties'}","<div><img src=""https://images.news18.com/ibnlive/uploads/2024/10/ashok-tanwar-2024-10-4fca3d10cbbd26f38b67fcc5e9db0043-16x9.jpg?impolicy=website&amp;width=1200&amp;height=675"" style=""width: 100%;"" /><div>In a state where ‘Jat versus non-Jat’ is a big issue, it's the Dalit chessboard that has changed the political dynamics ahead of the October 5 assembly elections</div></div>","{'type': 'text/html', 'language': None, 'base': 'https://rss.app/feeds/P8K5BBCE7t1JWZQ3.xml', 'value': '<div><img src=""https://images.news18.com/ibnlive/uploads/2024/10/ashok-tanwar-2024-10-4fca3d10cbbd26f38b67fcc5e9db0043-16x9.jpg?impolicy=website&amp;width=1200&amp;height=675"" style=""width: 100%;"" /><div>In a state where ‘Jat versus non-Jat’ is a big issue, it\'s the Dalit chessboard that has changed the political dynamics ahead of the October 5 assembly elections</div></div>'}","[{'rel': 'alternate', 'type': 'text/html', 'href': 'https://www.news18.com/elections/haryana-dalit-leader-ashok-tanwars-sudden-congress-comeback-magnifies-20-poll-plan-of-parties-9072497.html'}]",https://www.news18.com/elections/haryana-dalit-leader-ashok-tanwars-sudden-congress-comeback-magnifies-20-poll-plan-of-parties-9072497.html,3540039842e0a9cc41d94807de0ffbb6,False,"[{'name': 'Pathikrit Sen Gupta,Pallavi Ghosh'}]","Pathikrit Sen Gupta,Pallavi Ghosh","{'name': 'Pathikrit Sen Gupta,Pallavi Ghosh'}","Thu, 03 Oct 2024 13:10:19 GMT","time.struct_time(tm_year=2024, tm_mon=10, tm_mday=3, tm_hour=13, tm_min=10, tm_sec=19, tm_wday=3, tm_yday=277, tm_isdst=0)","[{'medium': 'image', 'url': 'https://images.news18.com/ibnlive/uploads/2024/10/ashok-tanwar-2024-10-4fca3d10cbbd26f38b67fcc5e9db0043-16x9.jpg?impolicy=website&width=1200&height=675'}]",Google News,Dalit ,,,,2024-10-04 11:12:55.974134
Dalit man assaulted,"{'type': 'text/plain', 'language': None, 'base': 'https://rss.app/feeds/P8K5BBCE7t1JWZQ3.xml', 'value': 'Dalit man assaulted'}","<div><img src=""https://www.thestatesman.com/wp-content/uploads/2021/12/tagging-4.jpg"" style=""width: 100%;"" /><div>Several members of the upper castes allegedly took the law into their own hands and thrashed a dalit man, blackened his face and put a shoe garland around his neck before parading him half-naked in a village in the Mandsaur district of Madhya Pradesh.</div></div>","{'type': 'text/html', 'language': None, 'base': 'https://rss.app/feeds/P8K5BBCE7t1JWZQ3.xml', 'value': '<div><img src=""https://www.thestatesman.com/wp-content/uploads/2021/12/tagging-4.jpg"" style=""width: 100%;"" /><div>Several members of the upper castes allegedly took the law into their own hands and thrashed a dalit man, blackened his face and put a shoe garland around his neck before parading him half-naked in a village in the Mandsaur district of Madhya Pradesh.</div></div>'}","[{'rel': 'alternate', 'type': 'text/html', 'href': 'https://www.thestatesman.com/india/dalit-man-assaulted-1503349657.html'}]",https://www.thestatesman.com/india/dalit-man-assaulted-1503349657.html,6148b2a93e283524ff8674bd01291299,False,[{'name': 'Statesman News Service'}],Statesman News Service,{'name': 'Statesman News Service'},"Thu, 03 Oct 2024 11:15:57 GMT","time.struct_time(tm_year=2024, tm_mon=10, tm_mday=3, tm_hour=11, tm_min=15, tm_sec=57, tm_wday=3, tm_yday=277, tm_isdst=0)","[{'medium': 'image', 'url': 'https://www.thestatesman.com/wp-content/uploads/2021/12/tagging-4.jpg'}]",Google News,Dalit ,,,,2024-10-04 11:12:55.974134
"TN cops abetted barring of Dalit funeral from public road, residents allege","{'type': 'text/plain', 'language': None, 'base': 'https://rss.app/feeds/P8K5BBCE7t1JWZQ3.xml', 'value': 'TN cops abetted barring of Dalit funeral from public road, residents allege'}","<div><img src=""https://media.assettype.com/thenewsminute%2F2024-10-03%2Fgf2laqp6%2FTiruvanamalaiFuneralRoadDenied031024.jfif?rect=0%2C0%2C750%2C394&amp;w=1200&amp;ar=40%3A21&amp;auto=format%2Ccompress&amp;ogImage=true&amp;mode=crop&amp;enlarge=true&amp;overlay=false&amp;overlay_position=bottom&amp;overlay_width=100"" style=""width: 100%;"" /><div>Days after Dalits in Tamil Nadu’s Tiruvannamalai district were barred access to a public road to conduct a funeral procession, residents allege that the Deputy</div></div>","{'type': 'text/html', 'language': None, 'base': 'https://rss.app/feeds/P8K5BBCE7t1JWZQ3.xml', 'value': '<div><img src=""https://media.assettype.com/thenewsminute%2F2024-10-03%2Fgf2laqp6%2FTiruvanamalaiFuneralRoadDenied031024.jfif?rect=0%2C0%2C750%2C394&amp;w=1200&amp;ar=40%3A21&amp;auto=format%2Ccompress&amp;ogImage=true&amp;mode=crop&amp;enlarge=true&amp;overlay=false&amp;overlay_position=bottom&amp;overlay_width=100"" style=""width: 100%;"" /><div>Days after Dalits in Tamil Nadu’s Tiruvannamalai district were barred access to a public road to conduct a funeral procession, residents allege that the Deputy</div></div>'}","[{'rel': 'alternate', 'type': 'text/html', 'href': 'https://www.thenewsminute.com/tamil-nadu/tn-cops-abetted-barring-of-dalit-funeral-from-public-road-residents-allege'}]",https://www.thenewsminute.com/tamil-nadu/tn-cops-abetted-barring-of-dalit-funeral-from-public-road-residents-allege,fb11d176efceb020dd32d864f36c3216,False,"[{'name': 'Bharathy Singaravel,Sukanya Shaji'}]","Bharathy Singaravel,Sukanya Shaji","{'name': 'Bharathy Singaravel,Sukanya Shaji'}","Thu, 03 Oct 2024 10:20:24 GMT","time.struct_time(tm_year=2024, tm_mon=10, tm_mday=3, tm_hour=10, tm_min=20, tm_sec=24, tm_wday=3, tm_yday=277, tm_isdst=0)","[{'medium': 'image', 'url': 'https://media.assettype.com/thenewsminute%2F2024-10-03%2Fgf2laqp6%2FTiruvanamalaiFuneralRoadDenied031024.jfif?rect=0%2C0%2C750%2C394&w=1200&ar=40%3A21&auto=format%2Ccompress&ogImage=true&mode=crop&enlarge=true&overlay=false&overlay_position=bottom&overlay_width=100'}]",Google News,Dalit ,,,,2024-10-04 11:12:55.974134
India advocate says discrimination against Dalit Catholics must be addressed in Synod,"{'type': 'text/plain', 'language': None, 'base': 'https://rss.app/feeds/P8K5BBCE7t1JWZQ3.xml', 'value': 'India advocate says discrimination against Dalit Catholics must be addressed in Synod'}","<div><img src=""https://wp.cruxnow.com/wp-content/uploads/2024/10/cns-india.jpg?w=1200"" style=""width: 100%;"" /><div>As bishops around the world meet at the Vatican for the Synod on Synodality, some Catholics in India say they must address the the “draconian casteism, caste discrimination and domination prevailing historically in the Catholic Church.”</div></div>","{'type': 'text/html', 'language': None, 'base': 'https://rss.app/feeds/P8K5BBCE7t1JWZQ3.xml', 'value': '<div><img src=""https://wp.cruxnow.com/wp-content/uploads/2024/10/cns-india.jpg?w=1200"" style=""width: 100%;"" /><div>As bishops around the world meet at the Vatican for the Synod on Synodality, some Catholics in India say they must address the the “draconian casteism, caste discrimination and domination prevailing historically in the Catholic Church.”</div></div>'}","[{'rel': 'alternate', 'type': 'text/html', 'href': 'https://cruxnow.com/church-in-asia/2024/10/india-advocate-says-discrimination-against-dalit-catholics-must-be-addressed-in-synod/'}]",https://cruxnow.com/church-in-asia/2024/10/india-advocate-says-discrimination-against-dalit-catholics-must-be-addressed-in-synod/,e0e83e7c79bb4a82f196ea8d674d1575,False,[{'name': 'Nirmala Carvalho'}],Nirmala Carvalho,{'name': 'Nirmala Carvalho'},"Thu, 03 Oct 2024 09:00:11 GMT","time.struct_time(tm_year=2024, tm_mon=10, tm_mday=3, tm_hour=9, tm_min=0, tm_sec=11, tm_wday=3, tm_yday=277, tm_isdst=0)","[{'medium': 'image', 'url': 'https://wp.cruxnow.com/wp-content/uploads/2024/10/cns-india.jpg?w=1200'}]",Google News,Dalit ,,,,2024-10-04 11:12:55.974134
"UP bypolls 2024: Congress-SP talks in limbo over 3 assembly seats; INDIA allies eye Dalit, minority vote","{'type': 'text/plain', 'language': None, 'base': 'https://rss.app/feeds/P8K5BBCE7t1JWZQ3.xml', 'value': 'UP bypolls 2024: Congress-SP talks in limbo over 3 assembly seats; INDIA allies eye Dalit, minority vote'}","<div><img src=""https://akm-img-a-in.tosshub.com/businesstoday/images/story/202410/66fe51bbca3ee-while-the-congress-has-begun-preparing-for-all-10-seats--it-is-not-pushing-hard-on-the-seats-that-th-031138312-16x9.jpg"" style=""width: 100%;"" /><div>The seat-sharing arrangement between the two parties is in a pickle over 3 assembly seats up for bypolls -- Meerapur in western UP as well as Phulpur and Majhawan in the eastern part of the country's most populous state. Here's why</div></div>","{'type': 'text/html', 'language': None, 'base': 'https://rss.app/feeds/P8K5BBCE7t1JWZQ3.xml', 'value': '<div><img src=""https://akm-img-a-in.tosshub.com/businesstoday/images/story/202410/66fe51bbca3ee-while-the-congress-has-begun-preparing-for-all-10-seats--it-is-not-pushing-hard-on-the-seats-that-th-031138312-16x9.jpg"" style=""width: 100%;"" /><div>The seat-sharing arrangement between the two parties is in a pickle over 3 assembly seats up for bypolls -- Meerapur in western UP as well as Phulpur and Majhawan in the eastern part of the country\'s most populous state. Here\'s why</div></div>'}","[{'rel': 'alternate', 'type': 'text/html', 'href': 'https://www.businesstoday.in/india/story/up-bypolls-2024-congress-sp-talks-in-limbo-over-3-assembly-seats-india-allies-eye-dalit-minority-vote-448520-2024-10-03'}]",https://www.businesstoday.in/india/story/up-bypolls-2024-congress-sp-talks-in-limbo-over-3-assembly-seats-india-allies-eye-dalit-minority-vote-448520-2024-10-03,19b8d7c21be6fd6d4b0266f965eef64e,False,[{'name': 'Business Today Desk'}],Business Today Desk,{'name': 'Business Today Desk'},"Thu, 03 Oct 2024 08:16:26 GMT","time.struct_time(tm_year=2024, tm_mon=10, tm_mday=3, tm_hour=8, tm_min=16, tm_sec=26, tm_wday=3, tm_yday=277, tm_isdst=0)","[{'medium': 'image', 'url': 'https://akm-img-a-in.tosshub.com/businesstoday/images/story/202410/66fe51bbca3ee-while-the-congress-has-begun-preparing-for-all-10-seats--it-is-not-pushing-hard-on-the-seats-that-th-031138312-16x9.jpg'}]",Google News,Dalit ,,,,2024-10-04 11:12:55.974134
"Also in Haryana race a Priyanka Gandhi pick and rising Dalit voice, Pardeep Narwal","{'type': 'text/plain', 'language': None, 'base': 'https://rss.app/feeds/P8K5BBCE7t1JWZQ3.xml', 'value': 'Also in Haryana race a Priyanka Gandhi pick and rising Dalit voice, Pardeep Narwal'}","<div><img src=""https://images.indianexpress.com/2024/10/priyanka-gandhi-2.jpg"" style=""width: 100%;"" /><div>The Congress candidate from Bawani Khera, Narwal started off as a student leader, was part of the Congress’s campaign in UP with Priyanka, and one of the party's youngest national secretaries</div></div>","{'type': 'text/html', 'language': None, 'base': 'https://rss.app/feeds/P8K5BBCE7t1JWZQ3.xml', 'value': '<div><img src=""https://images.indianexpress.com/2024/10/priyanka-gandhi-2.jpg"" style=""width: 100%;"" /><div>The Congress candidate from Bawani Khera, Narwal started off as a student leader, was part of the Congress’s campaign in UP with Priyanka, and one of the party\'s youngest national secretaries</div></div>'}","[{'rel': 'alternate', 'type': 'text/html', 'href': 'https://indianexpress.com/elections/haryana-assembly-elections-pradeep-narwal-priyanka-gandhis-protege-break-cong-factional-divides-emerge-young-dalit-face-9601188/'}]",https://indianexpress.com/elections/haryana-assembly-elections-pradeep-narwal-priyanka-gandhis-protege-break-cong-factional-divides-emerge-young-dalit-face-9601188/,cdeaa05fa5afceb7572b0d1fff34cceb,False,[{'name': 'Parveen K Dogra'}],Parveen K Dogra,{'name': 'Parveen K Dogra'},"Thu, 03 Oct 2024 06:29:29 GMT","time.struct_time(tm_year=2024, tm_mon=10, tm_mday=3, tm_hour=6, tm_min=29, tm_sec=29, tm_wday=3, tm_yday=277, tm_isdst=0)","[{'medium': 'image', 'url': 'https://images.indianexpress.com/2024/10/priyanka-gandhi-2.jpg'}]",Google News,Dalit ,,,,2024-10-04 11:12:55.974134
Torching Dalit homes is a recurring crime in Bihar: Data,"{'type': 'text/plain', 'language': None, 'base': 'https://rss.app/feeds/P8K5BBCE7t1JWZQ3.xml', 'value': 'Torching Dalit homes is a recurring crime in Bihar: Data'}","<div><img src=""https://th-i.thgim.com/public/incoming/4ab8mn/article68709361.ece/alternates/LANDSCAPE_1200/IMG_Houses_set_on_fire_i_2_1_7LDC3494.jpg"" style=""width: 100%;"" /><div>Alleged land mafia attack on Dalit hamlet in Bihar, highlighting recurring crimes against SCs and increasing pendency of cases.</div></div>","{'type': 'text/html', 'language': None, 'base': 'https://rss.app/feeds/P8K5BBCE7t1JWZQ3.xml', 'value': '<div><img src=""https://th-i.thgim.com/public/incoming/4ab8mn/article68709361.ece/alternates/LANDSCAPE_1200/IMG_Houses_set_on_fire_i_2_1_7LDC3494.jpg"" style=""width: 100%;"" /><div>Alleged land mafia attack on Dalit hamlet in Bihar, highlighting recurring crimes against SCs and increasing pendency of cases.</div></div>'}","[{'rel': 'alternate', 'type': 'text/html', 'href': 'https://www.thehindu.com/data/torching-dalit-homes-is-a-recurring-crime-in-bihar-data/article68709408.ece'}]",https://www.thehindu.com/data/torching-dalit-homes-is-a-recurring-crime-in-bihar-data/article68709408.ece,67ddc8afadd2b1285d2772c7c9385c4c,False,[{'name': 'The Hindu'}],The Hindu,{'name': 'The Hindu'},"Thu, 03 Oct 2024 02:30:00 GMT","time.struct_time(tm_year=2024, tm_mon=10, tm_mday=3, tm_hour=2, tm_min=30, tm_sec=0, tm_wday=3, tm_yday=277, tm_isdst=0)","[{'medium': 'image', 'url': 'https://th-i.thgim.com/public/incoming/4ab8mn/article68709361.ece/alternates/LANDSCAPE_1200/IMG_Houses_set_on_fire_i_2_1_7LDC3494.jpg'}]",Google News,Dalit ,,,,2024-10-04 11:12:55.974134
"Indian-American Professor Researching Dalit Women Gets $8,00,000 ""Genius"" Grant","{'type': 'text/plain', 'language': None, 'base': 'https://rss.app/feeds/P8K5BBCE7t1JWZQ3.xml', 'value': 'Indian-American Professor Researching Dalit Women Gets $8,00,000 ""Genius"" Grant'}","<div><img src=""https://c.ndtvimg.com/2024-10/25s2ku1g_shailaja-paik_625x300_03_October_24.jpeg?ver-20240615.100"" style=""width: 100%;"" /><div>Shailaja Paik is a distinguished research professor of history at the University of Cincinnati, where she is also an affiliate faculty in Women's, Gender, and Sexuality Studies, and Asian Studies.</div></div>","{'type': 'text/html', 'language': None, 'base': 'https://rss.app/feeds/P8K5BBCE7t1JWZQ3.xml', 'value': '<div><img src=""https://c.ndtvimg.com/2024-10/25s2ku1g_shailaja-paik_625x300_03_October_24.jpeg?ver-20240615.100"" style=""width: 100%;"" /><div>Shailaja Paik is a distinguished research professor of history at the University of Cincinnati, where she is also an affiliate faculty in Women\'s, Gender, and Sexuality Studies, and Asian Studies.</div></div>'}","[{'rel': 'alternate', 'type': 'text/html', 'href': 'https://www.ndtv.com/indians-abroad/shailaja-paik-macarthur-foundation-indian-american-professor-researching-dalit-women-gets-8-00-000-genius-grant-6705861'}]",https://www.ndtv.com/indians-abroad/shailaja-paik-macarthur-foundation-indian-american-professor-researching-dalit-women-gets-8-00-000-genius-grant-6705861,c15e1f289c690615c6f3bf927b6ce480,False,[{'name': 'NDTV.com'}],NDTV.com,{'name': 'NDTV.com'},"Thu, 03 Oct 2024 00:00:00 GMT","time.struct_time(tm_year=2024, tm_mon=10, tm_mday=3, tm_hour=0, tm_min=0, tm_sec=0, tm_wday=3, tm_yday=277, tm_isdst=0)","[{'medium': 'image', 'url': 'https://c.ndtvimg.com/2024-10/25s2ku1g_shailaja-paik_625x300_03_October_24.jpeg?ver-20240615.100'}]",Google News,Dalit ,,,,2024-10-04 11:12:55.974134
UP govt to bear Dalit student’s IIT education expenses,"{'type': 'text/plain', 'language': None, 'base': 'https://rss.app/feeds/P8K5BBCE7t1JWZQ3.xml', 'value': 'UP govt to bear Dalit student’s IIT education expenses'}","<div><img src=""https://www.hindustantimes.com/ht-img/img/2024/10/02/1600x900/Atul-Kumar--the-son-of-Rajendra-Kumar--a-daily-wag_1727896931801.jpg"" style=""width: 100%;"" /><div>Through the state’s scholarship scheme, the social welfare department will cover his full tuition fees, in addition to other expenses</div></div>","{'type': 'text/html', 'language': None, 'base': 'https://rss.app/feeds/P8K5BBCE7t1JWZQ3.xml', 'value': '<div><img src=""https://www.hindustantimes.com/ht-img/img/2024/10/02/1600x900/Atul-Kumar--the-son-of-Rajendra-Kumar--a-daily-wag_1727896931801.jpg"" style=""width: 100%;"" /><div>Through the state’s scholarship scheme, the social welfare department will cover his full tuition fees, in addition to other expenses</div></div>'}","[{'rel': 'alternate', 'type': 'text/html', 'href': 'https://www.hindustantimes.com/cities/lucknow-news/up-govt-to-bear-dalit-student-siit-education-expenses-101727896935921.html'}]",https://www.hindustantimes.com/cities/lucknow-news/up-govt-to-bear-dalit-student-siit-education-expenses-101727896935921.html,a19b5468bf1e5b9e89f1aef4901817bb,False,[{'name': 'HT Correspondent'}],HT Correspondent,{'name': 'HT Correspondent'},"Wed, 02 Oct 2024 19:22:15 GMT","time.struct_time(tm_year=2024, tm_mon=10, tm_mday=2, tm_hour=19, tm_min=22, tm_sec=15, tm_wday=2, tm_yday=276, tm_isdst=0)","[{'medium': 'image', 'url': 'https://www.hindustantimes.com/ht-img/img/2024/10/02/1600x900/Atul-Kumar--the-son-of-Rajendra-Kumar--a-daily-wag_1727896931801.jpg'}]",Google News,Dalit ,,,,2024-10-04 11:12:55.974134
"Accused of stalking woman, Dalit man in MP paraded, assaulted","{'type': 'text/plain', 'language': None, 'base': 'https://rss.app/feeds/P8K5BBCE7t1JWZQ3.xml', 'value': 'Accused of stalking woman, Dalit man in MP paraded, assaulted'}","<div><img src=""https://images.indianexpress.com/2024/10/Indian-Express-8.jpg"" style=""width: 100%;"" /><div>The incident, which took place last week in Bhaisodamandi village under the Bhanpura police station’s jurisdiction, came to public attention after a video went viral.</div></div>","{'type': 'text/html', 'language': None, 'base': 'https://rss.app/feeds/P8K5BBCE7t1JWZQ3.xml', 'value': '<div><img src=""https://images.indianexpress.com/2024/10/Indian-Express-8.jpg"" style=""width: 100%;"" /><div>The incident, which took place last week in Bhaisodamandi village under the Bhanpura police station’s jurisdiction, came to public attention after a video went viral.</div></div>'}","[{'rel': 'alternate', 'type': 'text/html', 'href': 'https://indianexpress.com/article/india/accused-of-stalking-woman-dalit-man-in-mp-paraded-assaulted-9600655/'}]",https://indianexpress.com/article/india/accused-of-stalking-woman-dalit-man-in-mp-paraded-assaulted-9600655/,70c0a4535d55848e9559e0fd27d511f8,False,[{'name': 'The Indian Express'}],The Indian Express,{'name': 'The Indian Express'},"Wed, 02 Oct 2024 17:17:59 GMT","time.struct_time(tm_year=2024, tm_mon=10, tm_mday=2, tm_hour=17, tm_min=17, tm_sec=59, tm_wday=2, tm_yday=276, tm_isdst=0)","[{'medium': 'image', 'url': 'https://images.indianexpress.com/2024/10/Indian-Express-8.jpg'}]",Google News,Dalit ,,,,2024-10-04 11:12:55.974134
