News Platforms,RSS Feeds,Twitter Handles,Facebook Pages
Google News RSS Feed,https://rss.app/rss-feed/google-news-rss-feed,,
Indian Express,https://indianexpress.com/section/india/crime/,https://x.com/IndianExpress,https://www.facebook.com/indianexpress
The Hindu,https://www.thehindu.com/rssfeeds/,https://x.com/the_hindu,https://www.facebook.com/thehindu
Dainik Bhaskar,https://www.bhaskar.com/rss,https://x.com/DainikBhaskar,https://www.facebook.com/dainikbhaskar
Dalit Times,,https://x.com/DalitTime,https://www.facebook.com/timesdalit
Times of India,https://timesofindia.indiatimes.com/rss.cms,https://x.com/timesofindia,https://www.facebook.com/TimesofIndia
Dalit Archive,,https://x.com/dalitarchive,
Ambedkarite India,,https://x.com/ambedkariteIND,https://www.facebook.com/ambedkariteIND
NDTV,https://www.ndtv.com/rss,https://x.com/ndtv,https://www.facebook.com/ndtv
LiveMint,https://www.livemint.com/rss,https://x.com/livemint,https://www.facebook.com/mint.live
Deccan Herald,,https://x.com/DeccanHerald,https://www.facebook.com/deccanherald
India News Network,https://www.indianewsnetwork.com/rss-feeds/,,
The Statesman,,https://x.com/TheStatesmanLtd,https://www.facebook.com/thestatesman1875
The Print,,https://x.com/ThePrintIndia,https://www.facebook.com/theprintindia
Hindustan Times,https://tech.hindustantimes.com/rss,https://x.com/htTweets,https://www.facebook.com/hindustantimes
The Wire,,https://x.com/thewire_in,https://www.facebook.com/thewire.in
News Laundry,,https://x.com/newslaundry,https://www.facebook.com/newslaundry
India Today,https://www.indiatoday.in/rss,https://x.com/IndiaToday,https://www.facebook.com/IndiaToday
Newsclick,https://www.newsclick.in/rss-feed,https://x.com/newsclickin,https://www.facebook.com/newsclickonline
Scroll.in,,https://x.com/scroll_in,https://www.facebook.com/scroll.in
